,n_nodes_000,n_branches_000,n_leaves_000,n_active_leaves_000,n_inactive_leaves_000,height_000,total_observed_weight_000,n_nodes_001,n_branches_001,n_leaves_001,n_active_leaves_001,n_inactive_leaves_001,height_001,total_observed_weight_001,n_nodes_002,n_branches_002,n_leaves_002,n_active_leaves_002,n_inactive_leaves_002,height_002,total_observed_weight_002,n_nodes_003,n_branches_003,n_leaves_003,n_active_leaves_003,n_inactive_leaves_003,height_003,total_observed_weight_003,n_nodes_004,n_branches_004,n_leaves_004,n_active_leaves_004,n_inactive_leaves_004,height_004,total_observed_weight_004,n_nodes_005,n_branches_005,n_leaves_005,n_active_leaves_005,n_inactive_leaves_005,height_005,total_observed_weight_005,n_nodes_006,n_branches_006,n_leaves_006,n_active_leaves_006,n_inactive_leaves_006,height_006,total_observed_weight_006,n_nodes_007,n_branches_007,n_leaves_007,n_active_leaves_007,n_inactive_leaves_007,height_007,total_observed_weight_007,n_nodes_008,n_branches_008,n_leaves_008,n_active_leaves_008,n_inactive_leaves_008,height_008,total_observed_weight_008,n_nodes_009,n_branches_009,n_leaves_009,n_active_leaves_009,n_inactive_leaves_009,height_009,total_observed_weight_009,n_nodes_010,n_branches_010,n_leaves_010,n_active_leaves_010,n_inactive_leaves_010,height_010,total_observed_weight_010,n_nodes_011,n_branches_011,n_leaves_011,n_active_leaves_011,n_inactive_leaves_011,height_011,total_observed_weight_011,n_nodes_012,n_branches_012,n_leaves_012,n_active_leaves_012,n_inactive_leaves_012,height_012,total_observed_weight_012,n_nodes_013,n_branches_013,n_leaves_013,n_active_leaves_013,n_inactive_leaves_013,height_013,total_observed_weight_013,n_nodes_014,n_branches_014,n_leaves_014,n_active_leaves_014,n_inactive_leaves_014,height_014,total_observed_weight_014,n_nodes_015,n_branches_015,n_leaves_015,n_active_leaves_015,n_inactive_leaves_015,height_015,total_observed_weight_015,n_nodes_016,n_branches_016,n_leaves_016,n_active_leaves_016,n_inactive_leaves_016,height_016,total_observed_weight_016,n_nodes_017,n_branches_017,n_leaves_017,n_active_leaves_017,n_inactive_leaves_017,height_017,total_observed_weight_017,n_nodes_018,n_branches_018,n_leaves_018,n_active_leaves_018,n_inactive_leaves_018,height_018,total_observed_weight_018,n_nodes_019,n_branches_019,n_leaves_019,n_active_leaves_019,n_inactive_leaves_019,height_019,total_observed_weight_019
100,15,7,8,8,0,6,616.0,13,6,7,7,0,5,570.0,17.0,8.0,9.0,9,0,6.0,616.0,11,5,6,6,0,5,596.0,13,6,7,7,0,6,621.0,11,5,6,6,0,5,589.0,15,7,8,8,0,6,572.0,15,7,8,8,0,5,622.0,13,6,7,7,0,4,569.0,19,9,10,10,0,6,584.0,17,8,9,9,0,5,588.0,15,7,8,8,0,7,576.0,19,9,10,10,0,8,598.0,9,4,5,5,0,4,610.0,11,5,6,6,0,5,537.0,15,7,8,8,0,5,636.0,13,6,7,7,0,6,587.0,19,9,10,10,0,8,581.0,17,8,9,9,0,6,615.0,15,7,8,8,0,7,607.0
200,31,15,16,16,0,9,1182.0,27,13,14,14,0,8,1176.0,29.0,14.0,15.0,15,0,8.0,1214.0,19,9,10,10,0,8,1175.0,23,11,12,12,0,7,1219.0,21,10,11,11,0,6,1228.0,19,9,10,10,0,8,1160.0,21,10,11,11,0,7,1261.0,23,11,12,12,0,7,1220.0,31,15,16,16,0,7,1238.0,23,11,12,12,0,7,1194.0,29,14,15,15,0,9,1178.0,35,17,18,18,0,10,1202.0,21,10,11,11,0,6,1209.0,23,11,12,12,0,7,1152.0,23,11,12,12,0,7,1227.0,25,12,13,13,0,9,1175.0,33,16,17,17,0,9,1159.0,31,15,16,16,0,9,1224.0,29,14,15,15,0,10,1263.0
300,39,19,20,20,0,10,1840.0,39,19,20,20,0,9,1744.0,41.0,20.0,21.0,21,0,10.0,1800.0,27,13,14,14,0,8,1743.0,33,16,17,17,0,8,1809.0,33,16,17,17,0,8,1791.0,25,12,13,13,0,10,1735.0,35,17,18,18,0,9,1840.0,39,19,20,20,0,8,1887.0,41,20,21,21,0,8,1832.0,33,16,17,17,0,9,1768.0,45,22,23,23,0,11,1776.0,45,22,23,23,0,10,1797.0,29,14,15,15,0,8,1782.0,25,12,13,13,0,7,1750.0,29,14,15,15,0,8,1842.0,43,21,22,22,0,13,1826.0,43,21,22,22,0,10,1766.0,47,23,24,24,0,10,1837.0,43,21,22,22,0,11,1848.0
400,45,22,23,23,0,11,2452.0,51,25,26,26,0,10,2339.0,51.0,25.0,26.0,26,0,12.0,2404.0,41,20,21,21,0,11,2328.0,45,22,23,23,0,8,2397.0,5,2,3,3,0,3,294.0,33,16,17,17,0,11,2295.0,41,20,21,21,0,9,2429.0,51,25,26,26,0,10,2488.0,51,25,26,26,0,10,2452.0,47,23,24,24,0,9,2411.0,55,27,28,28,0,12,2343.0,55,27,28,28,0,10,2355.0,43,21,22,22,0,10,2352.0,25,12,13,13,0,7,2362.0,41,20,21,21,0,9,2456.0,53,26,27,27,0,13,2418.0,59,29,30,30,0,12,2389.0,61,30,31,31,0,11,2447.0,53,26,27,27,0,11,2466.0
500,61,30,31,31,0,12,3061.0,63,31,32,32,0,10,2939.0,65.0,32.0,33.0,33,0,13.0,3001.0,53,26,27,27,0,13,2937.0,51,25,26,26,0,9,2984.0,23,11,12,12,0,7,910.0,43,21,22,22,0,12,2922.0,51,25,26,26,0,9,3065.0,65,32,33,33,0,11,3102.0,63,31,32,32,0,10,3069.0,59,29,30,30,0,10,3019.0,63,31,32,32,0,13,2916.0,73,36,37,37,0,14,2985.0,53,26,27,27,0,11,2912.0,33,16,17,17,0,8,2971.0,53,26,27,27,0,11,3073.0,67,33,34,34,0,13,3004.0,67,33,34,34,0,12,2972.0,73,36,37,37,0,12,3036.0,67,33,34,34,0,12,3047.0
600,71,35,36,36,0,12,3708.0,73,36,37,37,0,10,3524.0,71.0,35.0,36.0,36,0,13.0,3619.0,63,31,32,32,0,14,3529.0,59,29,30,30,0,9,3561.0,37,18,19,19,0,8,1542.0,59,29,30,30,0,13,3544.0,61,30,31,31,0,10,3668.0,77,38,39,39,0,12,3720.0,75,37,38,38,0,11,3661.0,69,34,35,35,0,11,3557.0,79,39,40,40,0,14,3483.0,83,41,42,42,0,14,3627.0,63,31,32,32,0,11,3543.0,35,17,18,18,0,8,3570.0,57,28,29,29,0,11,3730.0,81,40,41,41,0,14,3606.0,75,37,38,38,0,12,3554.0,79,39,40,40,0,13,3627.0,79,39,40,40,0,14,3643.0
700,73,36,37,37,0,12,4295.0,85,42,43,43,0,11,4088.0,83.0,41.0,42.0,42,0,14.0,4221.0,71,35,36,36,0,15,4133.0,67,33,34,34,0,10,4159.0,47,23,24,24,0,9,2132.0,69,34,35,35,0,13,4142.0,77,38,39,39,0,11,4205.0,93,46,47,47,0,12,4279.0,11,5,6,6,0,5,357.0,77,38,39,39,0,11,4108.0,79,39,40,40,0,14,4122.0,95,47,48,48,0,14,4212.0,77,38,39,39,0,13,4117.0,39,19,20,20,0,8,4147.0,67,33,34,34,0,11,4297.0,93,46,47,47,0,15,4227.0,83,41,42,42,0,12,4170.0,93,46,47,47,0,15,4244.0,87,43,44,44,0,14,4246.0
800,89,44,45,45,0,13,4894.0,91,45,46,46,0,11,4657.0,89.0,44.0,45.0,45,0,15.0,4834.0,87,43,44,44,0,16,4739.0,73,36,37,37,0,10,4769.0,57,28,29,29,0,9,2705.0,79,39,40,40,0,13,4790.0,89,44,45,45,0,12,4762.0,99,49,50,50,0,12,4882.0,21,10,11,11,0,7,970.0,81,40,41,41,0,12,4731.0,89,44,45,45,0,15,4703.0,109,54,55,55,0,15,4830.0,83,41,42,42,0,13,4690.0,45,22,23,23,0,10,4768.0,3,1,2,2,0,2,184.0,99,49,50,50,0,15,4845.0,85,42,43,43,0,12,4792.0,17,8,9,9,0,7,1172.0,91,45,46,46,0,14,4792.0
900,99,49,50,50,0,13,5493.0,101,50,51,51,0,11,5306.0,103.0,51.0,52.0,52,0,15.0,5416.0,99,49,50,50,0,17,5335.0,85,42,43,43,0,11,5382.0,63,31,32,32,0,10,3280.0,91,45,46,46,0,15,5404.0,99,49,50,50,0,12,5358.0,103,51,52,52,0,12,5468.0,29,14,15,15,0,7,1600.0,93,46,47,47,0,13,5344.0,101,50,51,51,0,16,5278.0,117,58,59,59,0,16,5409.0,1,0,1,1,0,1,3.0,55,27,28,28,0,11,5358.0,17,8,9,9,0,5,754.0,107,53,54,54,0,15,5415.0,101,50,51,51,0,14,5387.0,27,13,14,14,0,7,1728.0,105,52,53,53,0,15,5367.0
1000,105,52,53,53,0,14,6080.0,117,58,59,59,0,12,5886.0,113.0,56.0,57.0,57,0,15.0,6027.0,17,8,9,9,0,7,659.0,99,49,50,50,0,11,5985.0,73,36,37,37,0,10,3866.0,103,51,52,52,0,16,6012.0,113,56,57,57,0,13,5965.0,115,57,58,58,0,13,6045.0,37,18,19,19,0,8,2205.0,95,47,48,48,0,13,5963.0,121,60,61,61,0,16,5890.0,123,61,62,62,0,17,6019.0,17,8,9,9,0,6,637.0,71,35,36,36,0,12,5948.0,33,16,17,17,0,7,1313.0,115,57,58,58,0,15,6039.0,107,53,54,54,0,14,5964.0,33,16,17,17,0,8,2373.0,107,53,54,54,0,15,5959.0
1100,111,55,56,56,0,14,6710.0,129,64,65,65,0,12,6530.0,9.0,4.0,5.0,5,0,4.0,421.0,27,13,14,14,0,10,1253.0,107,53,54,54,0,12,6621.0,81,40,41,41,0,11,4473.0,17,8,9,9,0,7,832.0,127,63,64,64,0,13,6597.0,127,63,64,64,0,14,6721.0,47,23,24,24,0,8,2824.0,103,51,52,52,0,14,6629.0,131,65,66,66,0,17,6457.0,135,67,68,68,0,18,6660.0,23,11,12,12,0,7,1216.0,83,41,42,42,0,13,6567.0,41,20,21,21,0,8,1916.0,17,8,9,9,0,5,1207.0,113,56,57,57,0,14,6575.0,39,19,20,20,0,9,3000.0,113,56,57,57,0,16,6582.0
1200,121,60,61,61,0,14,7371.0,137,68,69,69,0,12,7138.0,25.0,12.0,13.0,13,0,7.0,986.0,39,19,20,20,0,11,1826.0,117,58,59,59,0,13,7216.0,85,42,43,43,0,11,5080.0,25,12,13,13,0,8,1432.0,137,68,69,69,0,13,7224.0,131,65,66,66,0,14,7336.0,61,30,31,31,0,10,3441.0,111,55,56,56,0,14,7210.0,137,68,69,69,0,17,7076.0,149,74,75,75,0,18,7241.0,37,18,19,19,0,9,1809.0,93,46,47,47,0,13,7138.0,49,24,25,25,0,8,2541.0,29,14,15,15,0,8,1839.0,123,61,62,62,0,14,7171.0,45,22,23,23,0,9,3588.0,121,60,61,61,0,16,7216.0
1300,131,65,66,66,0,15,7970.0,151,75,76,76,0,13,7729.0,39.0,19.0,20.0,20,0,8.0,1614.0,53,26,27,27,0,12,2403.0,125,62,63,63,0,14,7821.0,95,47,48,48,0,11,5638.0,35,17,18,18,0,9,2035.0,147,73,74,74,0,13,7856.0,141,70,71,71,0,14,7954.0,73,36,37,37,0,10,4030.0,127,63,64,64,0,14,7808.0,149,74,75,75,0,17,7666.0,161,80,81,81,0,18,7891.0,53,26,27,27,0,10,2436.0,111,55,56,56,0,14,7765.0,55,27,28,28,0,9,3195.0,45,22,23,23,0,10,2414.0,131,65,66,66,0,14,7739.0,57,28,29,29,0,9,4195.0,129,64,65,65,0,16,7850.0
1400,135,67,68,68,0,15,8557.0,163,81,82,82,0,13,8340.0,51.0,25.0,26.0,26,0,9.0,2222.0,57,28,29,29,0,12,2983.0,137,68,69,69,0,16,8406.0,99,49,50,50,0,11,6223.0,49,24,25,25,0,10,2660.0,159,79,80,80,0,13,8435.0,155,77,78,78,0,15,8587.0,79,39,40,40,0,11,4637.0,133,66,67,67,0,14,8431.0,163,81,82,82,0,17,8281.0,173,86,87,87,0,19,8461.0,59,29,30,30,0,10,3045.0,121,60,61,61,0,15,8360.0,67,33,34,34,0,10,3811.0,57,28,29,29,0,10,3001.0,137,68,69,69,0,14,8326.0,71,35,36,36,0,10,4754.0,139,69,70,70,0,16,8484.0
1500,141,70,71,71,0,15,9133.0,171,85,86,86,0,13,8923.0,65.0,32.0,33.0,33,0,9.0,2760.0,73,36,37,37,0,13,3567.0,155,77,78,78,0,17,9016.0,109,54,55,55,0,12,6801.0,55,27,28,28,0,10,3235.0,167,83,84,84,0,13,9042.0,161,80,81,81,0,16,9171.0,85,42,43,43,0,11,5207.0,141,70,71,71,0,15,9030.0,171,85,86,86,0,18,8884.0,183,91,92,92,0,19,9082.0,71,35,36,36,0,10,3643.0,127,63,64,64,0,15,8944.0,81,40,41,41,0,12,4446.0,71,35,36,36,0,12,3600.0,145,72,73,73,0,15,8897.0,83,41,42,42,0,10,5380.0,145,72,73,73,0,17,9058.0
1600,147,73,74,74,0,15,9756.0,183,91,92,92,0,13,9523.0,69.0,34.0,35.0,35,0,10.0,3405.0,79,39,40,40,0,13,4166.0,165,82,83,83,0,17,9605.0,117,58,59,59,0,12,7395.0,65,32,33,33,0,10,3879.0,179,89,90,90,0,13,9584.0,175,87,88,88,0,17,9807.0,97,48,49,49,0,12,5795.0,153,76,77,77,0,15,9648.0,189,94,95,95,0,18,9494.0,199,99,100,100,0,20,9701.0,79,39,40,40,0,10,4284.0,137,68,69,69,0,15,9573.0,91,45,46,46,0,12,5072.0,83,41,42,42,0,12,4186.0,161,80,81,81,0,15,9521.0,91,45,46,46,0,10,5933.0,151,75,76,76,0,17,9647.0
1700,155,77,78,78,0,15,10385.0,189,94,95,95,0,14,10126.0,81.0,40.0,41.0,41,0,10.0,4001.0,93,46,47,47,0,13,4782.0,53,26,27,27,0,9,2867.0,123,61,62,62,0,12,8004.0,73,36,37,37,0,11,4512.0,85,42,43,43,0,14,4034.0,181,90,91,91,0,18,10402.0,13,6,7,7,0,6,604.0,159,79,80,80,0,15,10215.0,197,98,99,99,0,18,10071.0,209,104,105,105,0,20,10320.0,89,44,45,45,0,11,4901.0,147,73,74,74,0,15,10199.0,97,48,49,49,0,12,5642.0,95,47,48,48,0,12,4760.0,167,83,84,84,0,15,10093.0,99,49,50,50,0,11,6539.0,159,79,80,80,0,17,10290.0
1800,1,0,1,1,0,1,39.0,197,98,99,99,0,14,10711.0,87.0,43.0,44.0,44,0,10.0,4573.0,103,51,52,52,0,13,5375.0,57,28,29,29,0,9,3476.0,141,70,71,71,0,13,8549.0,89,44,45,45,0,12,5112.0,91,45,46,46,0,15,4654.0,187,93,94,94,0,18,10938.0,21,10,11,11,0,8,1200.0,45,22,23,23,0,9,3485.0,77,38,39,39,0,13,3252.0,55,27,28,28,0,15,3723.0,95,47,48,48,0,11,5488.0,153,76,77,77,0,15,10776.0,7,3,4,4,0,4,792.0,101,50,51,51,0,12,5386.0,171,85,86,86,0,15,10717.0,15,7,8,8,0,6,768.0,169,84,85,85,0,17,10870.0
1900,13,6,7,7,0,6,677.0,201,100,101,101,0,14,11322.0,97.0,48.0,49.0,49,0,10.0,5158.0,113,56,57,57,0,13,5968.0,63,31,32,32,0,9,4038.0,147,73,74,74,0,13,9149.0,103,51,52,52,0,13,5733.0,103,51,52,52,0,15,5255.0,195,97,98,98,0,18,11543.0,29,14,15,15,0,9,1777.0,53,26,27,27,0,10,4115.0,91,45,46,46,0,14,3877.0,65,32,33,33,0,15,4382.0,103,51,52,52,0,11,6077.0,155,77,78,78,0,15,11365.0,11,5,6,6,0,5,1409.0,105,52,53,53,0,12,5984.0,181,90,91,91,0,15,11330.0,25,12,13,13,0,8,1410.0,173,86,87,87,0,17,11461.0
2000,25,12,13,13,0,7,1251.0,209,104,105,105,0,14,11888.0,103.0,51.0,52.0,52,0,11.0,5775.0,123,61,62,62,0,13,6557.0,75,37,38,38,0,9,4666.0,159,79,80,80,0,13,9748.0,109,54,55,55,0,13,6358.0,115,57,58,58,0,15,5905.0,199,99,100,100,0,18,12122.0,41,20,21,21,0,10,2332.0,67,33,34,34,0,10,4744.0,105,52,53,53,0,15,4480.0,73,36,37,37,0,15,4993.0,111,55,56,56,0,11,6670.0,165,82,83,83,0,16,12019.0,25,12,13,13,0,7,2019.0,111,55,56,56,0,12,6566.0,183,91,92,92,0,15,11930.0,39,19,20,20,0,9,2077.0,185,92,93,93,0,17,12092.0
2100,37,18,19,19,0,8,1854.0,5,2,3,3,0,3,662.0,111.0,55.0,56.0,56,0,11.0,6390.0,129,64,65,65,0,13,7171.0,87,43,44,44,0,9,5253.0,171,85,86,86,0,13,10328.0,117,58,59,59,0,13,6944.0,127,63,64,64,0,16,6491.0,209,104,105,105,0,18,12750.0,53,26,27,27,0,11,2899.0,79,39,40,40,0,11,5356.0,117,58,59,59,0,15,5101.0,79,39,40,40,0,16,5579.0,119,59,60,60,0,11,7283.0,167,83,84,84,0,16,12550.0,43,21,22,22,0,9,2618.0,123,61,62,62,0,12,7165.0,195,97,98,98,0,15,12558.0,51,25,26,26,0,9,2674.0,193,96,97,97,0,17,12676.0
2200,45,22,23,23,0,8,2451.0,13,6,7,7,0,6,1218.0,117.0,58.0,59.0,59,0,11.0,6990.0,143,71,72,72,0,13,7758.0,95,47,48,48,0,10,5834.0,177,88,89,89,0,13,10939.0,133,66,67,67,0,13,7510.0,133,66,67,67,0,16,7124.0,213,106,107,107,0,18,13364.0,63,31,32,32,0,11,3524.0,89,44,45,45,0,11,5941.0,129,64,65,65,0,16,5737.0,89,44,45,45,0,16,6133.0,127,63,64,64,0,12,7909.0,175,87,88,88,0,16,13164.0,51,25,26,26,0,9,3209.0,133,66,67,67,0,12,7716.0,201,100,101,101,0,15,13147.0,61,30,31,31,0,10,3295.0,199,99,100,100,0,17,13299.0
2300,53,26,27,27,0,9,3060.0,25,12,13,13,0,8,1799.0,37.0,18.0,19.0,19,0,10.0,1930.0,153,76,77,77,0,13,8358.0,103,51,52,52,0,11,6447.0,181,90,91,91,0,13,11547.0,147,73,74,74,0,14,8095.0,141,70,71,71,0,16,7739.0,225,112,113,113,0,18,13970.0,79,39,40,40,0,12,4114.0,105,52,53,53,0,12,6556.0,145,72,73,73,0,16,6326.0,93,46,47,47,0,16,6716.0,139,69,70,70,0,13,8524.0,185,92,93,93,0,16,13727.0,67,33,34,34,0,10,3815.0,141,70,71,71,0,13,8277.0,201,100,101,101,0,15,13698.0,71,35,36,36,0,10,3885.0,207,103,104,104,0,17,13913.0
2400,17,8,9,9,0,6,748.0,39,19,20,20,0,10,2426.0,49.0,24.0,25.0,25,0,11.0,2546.0,165,82,83,83,0,13,8967.0,113,56,57,57,0,12,7031.0,189,94,95,95,0,13,12165.0,149,74,75,75,0,14,8714.0,143,71,72,72,0,16,8324.0,229,114,115,115,0,18,14544.0,89,44,45,45,0,12,4710.0,115,57,58,58,0,12,7147.0,155,77,78,78,0,17,6911.0,99,49,50,50,0,16,7301.0,151,75,76,76,0,14,9136.0,193,96,97,97,0,16,14367.0,83,41,42,42,0,11,4420.0,147,73,74,74,0,13,8895.0,209,104,105,105,0,15,14336.0,83,41,42,42,0,11,4459.0,219,109,110,110,0,17,14583.0
2500,27,13,14,14,0,8,1349.0,47,23,24,24,0,11,2986.0,59.0,29.0,30.0,30,0,12.0,3161.0,175,87,88,88,0,13,9562.0,123,61,62,62,0,12,7619.0,195,97,98,98,0,13,12767.0,155,77,78,78,0,14,9291.0,153,76,77,77,0,16,8944.0,235,117,118,118,0,18,15148.0,97,48,49,49,0,13,5365.0,119,59,60,60,0,12,7738.0,169,84,85,85,0,17,7519.0,109,54,55,55,0,16,7890.0,157,78,79,79,0,14,9745.0,129,64,65,65,0,11,8234.0,85,42,43,43,0,11,4992.0,153,76,77,77,0,13,9455.0,61,30,31,31,0,11,4055.0,91,45,46,46,0,11,5043.0,221,110,111,111,0,17,15202.0
2600,35,17,18,18,0,9,1975.0,57,28,29,29,0,11,3588.0,65.0,32.0,33.0,33,0,14.0,3751.0,189,94,95,95,0,14,10186.0,127,63,64,64,0,12,8223.0,201,100,101,101,0,13,13394.0,169,84,85,85,0,15,9926.0,161,80,81,81,0,16,9499.0,239,119,120,120,0,18,15737.0,103,51,52,52,0,14,5975.0,129,64,65,65,0,12,8348.0,175,87,88,88,0,17,8120.0,115,57,58,58,0,17,8497.0,165,82,83,83,0,14,10330.0,137,68,69,69,0,11,8838.0,99,49,50,50,0,12,5607.0,161,80,81,81,0,13,10069.0,69,34,35,35,0,11,4645.0,101,50,51,51,0,12,5637.0,229,114,115,115,0,17,15816.0
2700,45,22,23,23,0,10,2542.0,69,34,35,35,0,11,4226.0,71.0,35.0,36.0,36,0,15.0,4298.0,197,98,99,99,0,14,10790.0,143,71,72,72,0,14,8844.0,213,106,107,107,0,13,13985.0,177,88,89,89,0,15,10510.0,167,83,84,84,0,16,10073.0,247,123,124,124,0,18,16294.0,111,55,56,56,0,14,6549.0,137,68,69,69,0,13,8960.0,185,92,93,93,0,17,8738.0,123,61,62,62,0,17,9105.0,173,86,87,87,0,14,10930.0,147,73,74,74,0,12,9434.0,109,54,55,55,0,13,6202.0,165,82,83,83,0,13,10684.0,77,38,39,39,0,11,5230.0,115,57,58,58,0,12,6225.0,241,120,121,121,0,17,16442.0
2800,51,25,26,26,0,11,3143.0,81,40,41,41,0,12,4817.0,79.0,39.0,40.0,40,0,15.0,4925.0,201,100,101,101,0,14,11367.0,147,73,74,74,0,14,9472.0,217,108,109,109,0,13,14560.0,183,91,92,92,0,15,11141.0,175,87,88,88,0,16,10662.0,255,127,128,128,0,19,16899.0,13,6,7,7,0,5,484.0,151,75,76,76,0,13,9575.0,201,100,101,101,0,17,9331.0,131,65,66,66,0,17,9663.0,191,95,96,96,0,15,11518.0,153,76,77,77,0,13,10009.0,119,59,60,60,0,14,6769.0,175,87,88,88,0,14,11288.0,83,41,42,42,0,11,5825.0,127,63,64,64,0,13,6815.0,247,123,124,124,0,18,17046.0
2900,57,28,29,29,0,11,3680.0,97,48,49,49,0,13,5383.0,91.0,45.0,46.0,46,0,16.0,5542.0,211,105,106,106,0,14,11962.0,159,79,80,80,0,14,10081.0,69,34,35,35,0,14,3567.0,9,4,5,5,0,5,415.0,191,95,96,96,0,16,11241.0,263,131,132,132,0,19,17491.0,23,11,12,12,0,7,1097.0,161,80,81,81,0,13,10125.0,211,105,106,106,0,17,9894.0,137,68,69,69,0,17,10262.0,207,103,104,104,0,15,12148.0,165,82,83,83,0,13,10638.0,129,64,65,65,0,14,7387.0,187,93,94,94,0,14,11917.0,89,44,45,45,0,11,6418.0,137,68,69,69,0,13,7399.0,255,127,128,128,0,18,17664.0
3000,63,31,32,32,0,12,4240.0,105,52,53,53,0,13,6026.0,97.0,48.0,49.0,49,0,16.0,6128.0,215,107,108,108,0,14,12611.0,169,84,85,85,0,15,10670.0,75,37,38,38,0,14,4161.0,19,9,10,10,0,6,1036.0,201,100,101,101,0,16,11812.0,273,136,137,137,0,19,18092.0,37,18,19,19,0,8,1672.0,165,82,83,83,0,13,10736.0,223,111,112,112,0,18,10511.0,147,73,74,74,0,17,10869.0,215,107,108,108,0,15,12729.0,189,94,95,95,0,14,11259.0,137,68,69,69,0,14,7993.0,21,10,11,11,0,8,1138.0,99,49,50,50,0,12,7002.0,147,73,74,74,0,13,7982.0,265,132,133,133,0,18,18276.0
3100,67,33,34,34,0,12,4820.0,117,58,59,59,0,14,6611.0,101.0,50.0,51.0,51,0,17.0,6723.0,225,112,113,113,0,14,13212.0,177,88,89,89,0,15,11287.0,79,39,40,40,0,15,4788.0,35,17,18,18,0,8,1637.0,205,102,103,103,0,16,12388.0,285,142,143,143,0,19,18654.0,47,23,24,24,0,9,2284.0,175,87,88,88,0,13,11338.0,235,117,118,118,0,18,11121.0,157,78,79,79,0,17,11495.0,49,24,25,25,0,9,2371.0,191,95,96,96,0,14,11854.0,143,71,72,72,0,15,8592.0,31,15,16,16,0,10,1729.0,105,52,53,53,0,12,7563.0,155,77,78,78,0,13,8565.0,277,138,139,139,0,18,18894.0
3200,75,37,38,38,0,13,5399.0,125,62,63,63,0,14,7207.0,113.0,56.0,57.0,57,0,18.0,7369.0,233,116,117,117,0,14,13791.0,187,93,94,94,0,16,11895.0,89,44,45,45,0,16,5362.0,45,22,23,23,0,9,2244.0,209,104,105,105,0,16,12999.0,293,146,147,147,0,19,19288.0,55,27,28,28,0,9,2879.0,179,89,90,90,0,13,11911.0,241,120,121,121,0,18,11701.0,165,82,83,83,0,18,12094.0,57,28,29,29,0,9,2965.0,197,98,99,99,0,14,12479.0,155,77,78,78,0,15,9178.0,39,19,20,20,0,11,2316.0,113,56,57,57,0,13,8188.0,157,78,79,79,0,13,9175.0,281,140,141,141,0,18,19474.0
3300,79,39,40,40,0,13,6021.0,135,67,68,68,0,14,7782.0,117.0,58.0,59.0,59,0,19.0,7991.0,241,120,121,121,0,15,14425.0,197,98,99,99,0,17,12497.0,95,47,48,48,0,16,5959.0,57,28,29,29,0,10,2838.0,219,109,110,110,0,16,13616.0,307,153,154,154,0,19,19903.0,59,29,30,30,0,9,3444.0,195,97,98,98,0,13,12505.0,245,122,123,123,0,18,12328.0,173,86,87,87,0,18,12687.0,63,31,32,32,0,10,3579.0,209,104,105,105,0,14,13104.0,167,83,84,84,0,16,9779.0,45,22,23,23,0,11,2915.0,119,59,60,60,0,13,8824.0,163,81,82,82,0,14,9772.0,289,144,145,145,0,18,20065.0
3400,83,41,42,42,0,13,6600.0,141,70,71,71,0,14,8418.0,125.0,62.0,63.0,63,0,19.0,8576.0,247,123,124,124,0,15,15024.0,205,102,103,103,0,17,13113.0,101,50,51,51,0,16,6537.0,69,34,35,35,0,11,3454.0,225,112,113,113,0,16,14238.0,309,154,155,155,0,19,20537.0,17,8,9,9,0,7,954.0,203,101,102,102,0,14,13093.0,263,131,132,132,0,18,12934.0,185,92,93,93,0,18,13324.0,77,38,39,39,0,11,4167.0,219,109,110,110,0,14,13705.0,173,86,87,87,0,16,10416.0,51,25,26,26,0,11,3542.0,119,59,60,60,0,13,9404.0,173,86,87,87,0,14,10401.0,299,149,150,150,0,18,20632.0
3500,91,45,46,46,0,13,7211.0,151,75,76,76,0,15,9039.0,129.0,64.0,65.0,65,0,20.0,9168.0,257,128,129,129,0,16,15590.0,215,107,108,108,0,18,13719.0,107,53,54,54,0,16,7120.0,77,38,39,39,0,11,4057.0,231,115,116,116,0,16,14848.0,317,158,159,159,0,19,21155.0,23,11,12,12,0,8,1557.0,221,110,111,111,0,14,13674.0,277,138,139,139,0,18,13496.0,187,93,94,94,0,19,13919.0,83,41,42,42,0,11,4736.0,223,111,112,112,0,15,14291.0,179,89,90,90,0,16,11027.0,59,29,30,30,0,11,4173.0,125,62,63,63,0,13,9960.0,175,87,88,88,0,14,11010.0,307,153,154,154,0,18,21254.0
3600,95,47,48,48,0,13,7832.0,159,79,80,80,0,15,9649.0,141.0,70.0,71.0,71,0,21.0,9789.0,271,135,136,136,0,17,16192.0,221,110,111,111,0,19,14278.0,119,59,60,60,0,16,7765.0,17,8,9,9,0,7,1636.0,239,119,120,120,0,17,15483.0,327,163,164,164,0,20,21756.0,31,15,16,16,0,8,2192.0,233,116,117,117,0,14,14263.0,283,141,142,142,0,18,14150.0,197,98,99,99,0,19,14517.0,85,42,43,43,0,11,5326.0,231,115,116,116,0,15,14884.0,3,1,2,2,0,2,412.0,67,33,34,34,0,12,4778.0,135,67,68,68,0,14,10569.0,183,91,92,92,0,15,11564.0,315,157,158,158,0,18,21846.0
3700,95,47,48,48,0,13,8418.0,49,24,25,25,0,9,3182.0,145.0,72.0,73.0,73,0,21.0,10374.0,281,140,141,141,0,17,16756.0,229,114,115,115,0,19,14876.0,127,63,64,64,0,16,8363.0,25,12,13,13,0,9,2252.0,245,122,123,123,0,17,16107.0,47,23,24,24,0,9,2411.0,35,17,18,18,0,9,2787.0,239,119,120,120,0,14,14840.0,291,145,146,146,0,18,14766.0,207,103,104,104,0,19,15151.0,87,43,44,44,0,11,5917.0,243,121,122,122,0,16,15439.0,9,4,5,5,0,5,1014.0,75,37,38,38,0,12,5357.0,149,74,75,75,0,14,11161.0,183,91,92,92,0,15,12187.0,321,160,161,161,0,18,22385.0
3800,99,49,50,50,0,13,9003.0,57,28,29,29,0,10,3793.0,153.0,76.0,77.0,77,0,22.0,10974.0,289,144,145,145,0,17,17353.0,9,4,5,5,0,4,453.0,133,66,67,67,0,16,8989.0,33,16,17,17,0,10,2850.0,257,128,129,129,0,17,16740.0,59,29,30,30,0,10,2995.0,49,24,25,25,0,10,3384.0,253,126,127,127,0,14,15428.0,301,150,151,151,0,19,15381.0,213,106,107,107,0,19,15737.0,91,45,46,46,0,11,6489.0,247,123,124,124,0,16,16078.0,25,12,13,13,0,8,1603.0,83,41,42,42,0,12,5948.0,155,77,78,78,0,14,11781.0,185,92,93,93,0,15,12817.0,329,164,165,165,0,18,23043.0
3900,101,50,51,51,0,13,9616.0,65,32,33,33,0,10,4398.0,159.0,79.0,80.0,80,0,22.0,11541.0,297,148,149,149,0,18,17976.0,23,11,12,12,0,6,1066.0,139,69,70,70,0,16,9587.0,45,22,23,23,0,11,3496.0,263,131,132,132,0,17,17348.0,69,34,35,35,0,10,3547.0,57,28,29,29,0,11,4023.0,265,132,133,133,0,15,16034.0,319,159,160,160,0,20,15973.0,227,113,114,114,0,19,16339.0,101,50,51,51,0,12,7149.0,253,126,127,127,0,16,16678.0,37,18,19,19,0,10,2198.0,97,48,49,49,0,15,6571.0,159,79,80,80,0,14,12403.0,195,97,98,98,0,16,13433.0,333,166,167,167,0,18,23601.0
4000,105,52,53,53,0,14,10204.0,77,38,39,39,0,11,5015.0,171.0,85.0,86.0,86,0,22.0,12113.0,299,149,150,150,0,18,18563.0,33,16,17,17,0,8,1649.0,145,72,73,73,0,16,10200.0,59,29,30,30,0,11,4079.0,271,135,136,136,0,17,17944.0,81,40,41,41,0,11,4135.0,9,4,5,5,0,4,539.0,279,139,140,140,0,15,16635.0,329,164,165,165,0,21,16596.0,231,115,116,116,0,19,16972.0,113,56,57,57,0,12,7748.0,261,130,131,131,0,16,17290.0,47,23,24,24,0,10,2751.0,111,55,56,56,0,16,7175.0,167,83,84,84,0,15,12980.0,201,100,101,101,0,16,14018.0,339,169,170,170,0,18,24224.0
4100,109,54,55,55,0,14,10822.0,77,38,39,39,0,11,5632.0,171.0,85.0,86.0,86,0,22.0,12702.0,311,155,156,156,0,18,19120.0,43,21,22,22,0,8,2219.0,159,79,80,80,0,16,10787.0,67,33,34,34,0,12,4707.0,281,140,141,141,0,17,18581.0,83,41,42,42,0,11,4727.0,21,10,11,11,0,8,1096.0,291,145,146,146,0,15,17254.0,337,168,169,169,0,22,17166.0,243,121,122,122,0,19,17557.0,119,59,60,60,0,12,8357.0,265,132,133,133,0,16,17893.0,31,15,16,16,0,8,1656.0,123,61,62,62,0,16,7760.0,171,85,86,86,0,15,13548.0,211,105,106,106,0,16,14594.0,351,175,176,176,0,19,24840.0
4200,3,1,2,2,0,2,184.0,85,42,43,43,0,11,6180.0,175.0,87.0,88.0,88,0,22.0,13300.0,317,158,159,159,0,18,19691.0,51,25,26,26,0,9,2846.0,167,83,84,84,0,17,11386.0,75,37,38,38,0,12,5294.0,287,143,144,144,0,17,19165.0,95,47,48,48,0,12,5311.0,31,15,16,16,0,9,1722.0,291,145,146,146,0,15,17810.0,345,172,173,173,0,22,17768.0,247,123,124,124,0,20,18100.0,121,60,61,61,0,12,8958.0,279,139,140,140,0,17,18534.0,43,21,22,22,0,9,2294.0,133,66,67,67,0,17,8332.0,177,88,89,89,0,15,14120.0,215,107,108,108,0,16,15195.0,355,177,178,178,0,19,25454.0
4300,9,4,5,5,0,5,808.0,93,46,47,47,0,11,6759.0,187.0,93.0,94.0,94,0,22.0,13927.0,325,162,163,163,0,18,20248.0,63,31,32,32,0,10,3428.0,175,87,88,88,0,17,11991.0,79,39,40,40,0,13,5878.0,293,146,147,147,0,17,19767.0,105,52,53,53,0,12,5878.0,37,18,19,19,0,10,2314.0,307,153,154,154,0,16,18457.0,355,177,178,178,0,23,18366.0,257,128,129,129,0,20,18713.0,125,62,63,63,0,12,9600.0,281,140,141,141,0,17,19126.0,51,25,26,26,0,11,2893.0,137,68,69,69,0,17,8916.0,185,92,93,93,0,15,14718.0,223,111,112,112,0,16,15788.0,363,181,182,182,0,19,26042.0
4400,13,6,7,7,0,6,1428.0,103,51,52,52,0,11,7334.0,13.0,6.0,7.0,7,0,5.0,756.0,333,166,167,167,0,18,20856.0,71,35,36,36,0,10,3993.0,181,90,91,91,0,17,12541.0,87,43,44,44,0,13,6483.0,301,150,151,151,0,17,20393.0,117,58,59,59,0,12,6478.0,55,27,28,28,0,11,2958.0,83,41,42,42,0,11,4801.0,363,181,182,182,0,23,18958.0,267,133,134,134,0,20,19332.0,137,68,69,69,0,12,10183.0,291,145,146,146,0,17,19729.0,61,30,31,31,0,11,3500.0,151,75,76,76,0,17,9508.0,191,95,96,96,0,15,15319.0,227,113,114,114,0,16,16373.0,29,14,15,15,0,9,1765.0
4500,19,9,10,10,0,7,2041.0,111,55,56,56,0,11,7926.0,21.0,10.0,11.0,11,0,6.0,1359.0,345,172,173,173,0,18,21453.0,77,38,39,39,0,11,4567.0,189,94,95,95,0,17,13139.0,97,48,49,49,0,14,7115.0,301,150,151,151,0,17,20940.0,123,61,62,62,0,12,7080.0,59,29,30,30,0,11,3586.0,93,46,47,47,0,11,5438.0,373,186,187,187,0,24,19545.0,273,136,137,137,0,20,19963.0,151,75,76,76,0,12,10804.0,301,150,151,151,0,17,20290.0,73,36,37,37,0,11,4078.0,167,83,84,84,0,18,10130.0,195,97,98,98,0,15,15910.0,235,117,118,118,0,16,16979.0,39,19,20,20,0,11,2340.0
4600,29,14,15,15,0,9,2611.0,121,60,61,61,0,11,8499.0,29.0,14.0,15.0,15,0,7.0,1979.0,353,176,177,177,0,18,22075.0,81,40,41,41,0,11,5197.0,205,102,103,103,0,17,13748.0,15,7,8,8,0,7,724.0,305,152,153,153,0,17,21556.0,135,67,68,68,0,12,7656.0,67,33,34,34,0,11,4197.0,103,51,52,52,0,11,6013.0,389,194,195,195,0,24,20096.0,279,139,140,140,0,20,20587.0,161,80,81,81,0,12,11431.0,311,155,156,156,0,17,20960.0,79,39,40,40,0,11,4688.0,173,86,87,87,0,18,10726.0,203,101,102,102,0,15,16522.0,243,121,122,122,0,16,17566.0,45,22,23,23,0,12,2917.0
4700,37,18,19,19,0,10,3193.0,131,65,66,66,0,12,9104.0,37.0,18.0,19.0,19,0,7.0,2581.0,357,178,179,179,0,18,22613.0,89,44,45,45,0,12,5745.0,211,105,106,106,0,18,14369.0,21,10,11,11,0,7,1310.0,307,153,154,154,0,17,22175.0,143,71,72,72,0,13,8224.0,25,12,13,13,0,9,1484.0,109,54,55,55,0,12,6613.0,401,200,201,201,0,24,20680.0,291,145,146,146,0,20,21171.0,165,82,83,83,0,12,12044.0,323,161,162,162,0,18,21587.0,79,39,40,40,0,11,5254.0,181,90,91,91,0,18,11335.0,209,104,105,105,0,15,17101.0,247,123,124,124,0,16,18207.0,55,27,28,28,0,13,3545.0
4800,45,22,23,23,0,11,3792.0,135,67,68,68,0,12,9703.0,43.0,21.0,22.0,22,0,8.0,3196.0,365,182,183,183,0,18,23188.0,95,47,48,48,0,12,6353.0,217,108,109,109,0,18,14955.0,33,16,17,17,0,8,1889.0,315,157,158,158,0,17,22756.0,147,73,74,74,0,13,8831.0,29,14,15,15,0,9,2104.0,119,59,60,60,0,14,7228.0,409,204,205,205,0,24,21275.0,299,149,150,150,0,20,21811.0,171,85,86,86,0,12,12638.0,329,164,165,165,0,18,22185.0,91,45,46,46,0,11,5855.0,191,95,96,96,0,19,11917.0,221,110,111,111,0,16,17708.0,255,127,128,128,0,16,18766.0,65,32,33,33,0,14,4151.0
4900,61,30,31,31,0,11,4388.0,149,74,75,75,0,12,10268.0,53.0,26.0,27.0,27,0,9.0,3794.0,375,187,188,188,0,18,23787.0,103,51,52,52,0,13,6987.0,225,112,113,113,0,18,15567.0,45,22,23,23,0,9,2501.0,323,161,162,162,0,17,23396.0,163,81,82,82,0,13,9429.0,37,18,19,19,0,9,2725.0,127,63,64,64,0,14,7841.0,413,206,207,207,0,24,21880.0,311,155,156,156,0,20,22411.0,183,91,92,92,0,12,13227.0,335,167,168,168,0,18,22830.0,101,50,51,51,0,12,6494.0,197,98,99,99,0,20,12531.0,227,113,114,114,0,16,18279.0,259,129,130,130,0,16,19365.0,69,34,35,35,0,14,4720.0
5000,67,33,34,34,0,12,5001.0,151,75,76,76,0,12,10888.0,63.0,31.0,32.0,32,0,10.0,4429.0,387,193,194,194,0,19,24402.0,113,56,57,57,0,13,7570.0,235,117,118,118,0,18,16155.0,51,25,26,26,0,10,3103.0,333,166,167,167,0,18,24018.0,169,84,85,85,0,13,10060.0,49,24,25,25,0,10,3333.0,135,67,68,68,0,15,8461.0,423,211,212,212,0,24,22528.0,321,160,161,161,0,20,23042.0,187,93,94,94,0,12,13806.0,343,171,172,172,0,18,23420.0,107,53,54,54,0,13,7091.0,39,19,20,20,0,10,1689.0,239,119,120,120,0,16,18870.0,269,134,135,135,0,16,19987.0,77,38,39,39,0,14,5342.0
5100,75,37,38,38,0,12,5550.0,161,80,81,81,0,12,11505.0,67.0,33.0,34.0,34,0,10.0,5074.0,395,197,198,198,0,19,24998.0,123,61,62,62,0,13,8171.0,245,122,123,123,0,18,16752.0,61,30,31,31,0,10,3695.0,343,171,172,172,0,18,24629.0,171,85,86,86,0,13,10656.0,57,28,29,29,0,10,3949.0,145,72,73,73,0,17,9100.0,427,213,214,214,0,24,23163.0,331,165,166,166,0,20,23648.0,195,97,98,98,0,12,14382.0,359,179,180,180,0,19,24059.0,117,58,59,59,0,14,7681.0,51,25,26,26,0,12,2320.0,245,122,123,123,0,16,19465.0,275,137,138,138,0,16,20571.0,85,42,43,43,0,14,5949.0
5200,83,41,42,42,0,13,6137.0,171,85,86,86,0,12,12126.0,69.0,34.0,35.0,35,0,10.0,5642.0,405,202,203,203,0,19,25619.0,129,64,65,65,0,13,8797.0,253,126,127,127,0,18,17369.0,67,33,34,34,0,10,4311.0,353,176,177,177,0,18,25249.0,173,86,87,87,0,13,11232.0,65,32,33,33,0,11,4551.0,155,77,78,78,0,17,9684.0,437,218,219,219,0,24,23727.0,333,166,167,167,0,20,24215.0,203,101,102,102,0,13,14971.0,365,182,183,183,0,19,24671.0,125,62,63,63,0,14,8292.0,63,31,32,32,0,14,2957.0,257,128,129,129,0,16,20110.0,277,138,139,139,0,16,21170.0,97,48,49,49,0,14,6502.0
5300,97,48,49,49,0,13,6754.0,177,88,89,89,0,12,12706.0,73.0,36.0,37.0,37,0,11.0,6222.0,407,203,204,204,0,19,26209.0,137,68,69,69,0,13,9414.0,269,134,135,135,0,19,17940.0,77,38,39,39,0,11,4913.0,357,178,179,179,0,18,25851.0,177,88,89,89,0,14,11818.0,77,38,39,39,0,12,5187.0,167,83,84,84,0,17,10262.0,453,226,227,227,0,24,24320.0,343,171,172,172,0,20,24793.0,207,103,104,104,0,13,15514.0,371,185,186,186,0,19,25310.0,135,67,68,68,0,14,8902.0,77,38,39,39,0,15,3558.0,265,132,133,133,0,16,20679.0,285,142,143,143,0,16,21720.0,103,51,52,52,0,14,7052.0
5400,23,11,12,12,0,7,1248.0,187,93,94,94,0,12,13325.0,77.0,38.0,39.0,39,0,11.0,6824.0,417,208,209,209,0,19,26810.0,147,73,74,74,0,13,10050.0,275,137,138,138,0,19,18522.0,87,43,44,44,0,11,5535.0,361,180,181,181,0,18,26475.0,193,96,97,97,0,14,12417.0,95,47,48,48,0,13,5840.0,177,88,89,89,0,17,10821.0,463,231,232,232,0,24,24935.0,133,66,67,67,0,14,7864.0,219,109,110,110,0,13,16108.0,375,187,188,188,0,19,25868.0,143,71,72,72,0,14,9536.0,87,43,44,44,0,16,4151.0,273,136,137,137,0,16,21239.0,293,146,147,147,0,16,22313.0,109,54,55,55,0,14,7652.0
5500,43,21,22,22,0,9,1821.0,195,97,98,98,0,13,13873.0,89.0,44.0,45.0,45,0,11.0,7486.0,425,212,213,213,0,19,27428.0,163,81,82,82,0,14,10636.0,277,138,139,139,0,19,19126.0,91,45,46,46,0,11,6133.0,369,184,185,185,0,19,27078.0,199,99,100,100,0,14,13024.0,101,50,51,51,0,14,6383.0,187,93,94,94,0,17,11452.0,475,237,238,238,0,24,25553.0,141,70,71,71,0,14,8495.0,223,111,112,112,0,14,16710.0,383,191,192,192,0,19,26450.0,155,77,78,78,0,14,10173.0,95,47,48,48,0,16,4742.0,279,139,140,140,0,16,21821.0,307,153,154,154,0,17,22900.0,117,58,59,59,0,15,8270.0
5600,47,23,24,24,0,9,2413.0,203,101,102,102,0,13,14506.0,101.0,50.0,51.0,51,0,11.0,8096.0,431,215,216,216,0,19,27995.0,171,85,86,86,0,14,11199.0,285,142,143,143,0,19,19725.0,101,50,51,51,0,11,6757.0,47,23,24,24,0,8,2058.0,209,104,105,105,0,14,13680.0,107,53,54,54,0,14,7011.0,193,96,97,97,0,17,12077.0,479,239,240,240,0,24,26144.0,149,74,75,75,0,14,9108.0,231,115,116,116,0,14,17306.0,391,195,196,196,0,19,27053.0,163,81,82,82,0,14,10790.0,109,54,55,55,0,16,5325.0,289,144,145,145,0,16,22425.0,309,154,155,155,0,17,23450.0,45,22,23,23,0,10,2048.0
5700,53,26,27,27,0,9,3016.0,207,103,104,104,0,13,15116.0,107.0,53.0,54.0,54,0,12.0,8686.0,435,217,218,218,0,19,28612.0,187,93,94,94,0,15,11790.0,291,145,146,146,0,19,20296.0,39,19,20,20,0,9,1537.0,57,28,29,29,0,9,2659.0,219,109,110,110,0,14,14298.0,119,59,60,60,0,15,7597.0,195,97,98,98,0,17,12698.0,487,243,244,244,0,24,26704.0,165,82,83,83,0,14,9691.0,241,120,121,121,0,15,17933.0,397,198,199,199,0,19,27609.0,171,85,86,86,0,14,11407.0,121,60,61,61,0,18,5950.0,299,149,150,150,0,16,23033.0,319,159,160,160,0,17,24071.0,57,28,29,29,0,11,2644.0
5800,65,32,33,33,0,11,3607.0,211,105,106,106,0,13,15735.0,117.0,58.0,59.0,59,0,12.0,9327.0,437,218,219,219,0,19,29218.0,193,96,97,97,0,15,12371.0,295,147,148,148,0,19,20868.0,53,26,27,27,0,10,2111.0,63,31,32,32,0,10,3272.0,225,112,113,113,0,14,14911.0,125,62,63,63,0,15,8241.0,209,104,105,105,0,17,13276.0,493,246,247,247,0,24,27304.0,175,87,88,88,0,14,10312.0,253,126,127,127,0,16,18561.0,401,200,201,201,0,20,28166.0,187,93,94,94,0,15,11979.0,129,64,65,65,0,18,6530.0,305,152,153,153,0,17,23622.0,329,164,165,165,0,17,24677.0,63,31,32,32,0,11,3292.0
5900,71,35,36,36,0,11,4231.0,219,109,110,110,0,14,16329.0,125.0,62.0,63.0,63,0,13.0,9935.0,443,221,222,222,0,19,29805.0,201,100,101,101,0,16,13016.0,303,151,152,152,0,19,21456.0,63,31,32,32,0,11,2722.0,69,34,35,35,0,11,3836.0,235,117,118,118,0,14,15499.0,127,63,64,64,0,15,8824.0,213,106,107,107,0,17,13895.0,505,252,253,253,0,24,27912.0,179,89,90,90,0,14,10917.0,255,127,128,128,0,16,19176.0,411,205,206,206,0,20,28735.0,195,97,98,98,0,15,12521.0,137,68,69,69,0,19,7132.0,309,154,155,155,0,17,24194.0,9,4,5,5,0,4,588.0,69,34,35,35,0,11,3881.0
6000,77,38,39,39,0,12,4855.0,227,113,114,114,0,14,16932.0,135.0,67.0,68.0,68,0,13.0,10553.0,453,226,227,227,0,20,30388.0,213,106,107,107,0,16,13592.0,83,41,42,42,0,9,5099.0,73,36,37,37,0,12,3324.0,81,40,41,41,0,12,4437.0,11,5,6,6,0,4,414.0,139,69,70,70,0,16,9436.0,221,110,111,111,0,17,14534.0,19,9,10,10,0,6,1128.0,185,92,93,93,0,14,11564.0,259,129,130,130,0,16,19759.0,415,207,208,208,0,20,29316.0,199,99,100,100,0,15,13135.0,141,70,71,71,0,19,7774.0,321,160,161,161,0,17,24818.0,23,11,12,12,0,6,1209.0,83,41,42,42,0,11,4516.0
6100,89,44,45,45,0,13,5490.0,241,120,121,121,0,14,17587.0,,,,0,0,,0.0,459,229,230,230,0,20,30970.0,59,29,30,30,0,9,3284.0,93,46,47,47,0,10,5738.0,89,44,45,45,0,12,3956.0,91,45,46,46,0,12,5063.0,23,11,12,12,0,7,985.0,147,73,74,74,0,16,10040.0,233,116,117,117,0,18,15120.0,33,16,17,17,0,8,1728.0,193,96,97,97,0,14,12128.0,261,130,131,131,0,16,20337.0,423,211,212,212,0,20,29916.0,207,103,104,104,0,15,13737.0,149,74,75,75,0,20,8377.0,329,164,165,165,0,17,25425.0,35,17,18,18,0,8,1787.0,93,46,47,47,0,12,5141.0
6200,97,48,49,49,0,13,6091.0,253,126,127,127,0,14,18192.0,5.0,2.0,3.0,3,0,3.0,598.0,473,236,237,237,0,20,31569.0,65,32,33,33,0,9,3913.0,101,50,51,51,0,10,6320.0,91,45,46,46,0,12,4543.0,99,49,50,50,0,12,5641.0,29,14,15,15,0,8,1557.0,153,76,77,77,0,16,10640.0,235,117,118,118,0,18,15702.0,41,20,21,21,0,9,2390.0,197,98,99,99,0,15,12726.0,3,1,2,2,0,2,223.0,429,214,215,215,0,20,30538.0,223,111,112,112,0,15,14359.0,157,78,79,79,0,20,9012.0,337,168,169,169,0,17,26019.0,45,22,23,23,0,9,2403.0,103,51,52,52,0,12,5755.0
6300,103,51,52,52,0,13,6705.0,261,130,131,131,0,14,18786.0,21.0,10.0,11.0,11,0,8.0,1219.0,477,238,239,239,0,20,32175.0,77,38,39,39,0,10,4527.0,103,51,52,52,0,10,6930.0,103,51,52,52,0,13,5123.0,111,55,56,56,0,12,6245.0,41,20,21,21,0,9,2165.0,159,79,80,80,0,16,11231.0,243,121,122,122,0,18,16285.0,47,23,24,24,0,9,2973.0,201,100,101,101,0,15,13340.0,13,6,7,7,0,5,860.0,439,219,220,220,0,20,31153.0,233,116,117,117,0,15,14967.0,165,82,83,83,0,21,9588.0,359,179,180,180,0,17,26629.0,57,28,29,29,0,9,2993.0,115,57,58,58,0,12,6351.0
6400,111,55,56,56,0,13,7333.0,267,133,134,134,0,14,19389.0,31.0,15.0,16.0,16,0,10.0,1837.0,483,241,242,242,0,20,32760.0,81,40,41,41,0,10,5129.0,117,58,59,59,0,10,7529.0,109,54,55,55,0,14,5717.0,115,57,58,58,0,13,6842.0,51,25,26,26,0,10,2774.0,169,84,85,85,0,16,11831.0,255,127,128,128,0,18,16876.0,55,27,28,28,0,10,3570.0,207,103,104,104,0,15,13974.0,19,9,10,10,0,7,1452.0,451,225,226,226,0,20,31741.0,245,122,123,123,0,16,15556.0,173,86,87,87,0,21,10188.0,361,180,181,181,0,17,27225.0,69,34,35,35,0,10,3580.0,125,62,63,63,0,12,6946.0
6500,113,56,57,57,0,13,7953.0,269,134,135,135,0,14,19982.0,47.0,23.0,24.0,24,0,11.0,2434.0,491,245,246,246,0,20,33365.0,95,47,48,48,0,10,5751.0,121,60,61,61,0,11,8129.0,115,57,58,58,0,14,6299.0,119,59,60,60,0,13,7461.0,63,31,32,32,0,11,3385.0,177,88,89,89,0,16,12425.0,265,132,133,133,0,18,17450.0,59,29,30,30,0,11,4149.0,213,106,107,107,0,16,14586.0,27,13,14,14,0,8,2033.0,459,229,230,230,0,20,32370.0,253,126,127,127,0,16,16178.0,181,90,91,91,0,21,10821.0,367,183,184,184,0,17,27855.0,79,39,40,40,0,11,4114.0,129,64,65,65,0,13,7559.0
6600,129,64,65,65,0,14,8508.0,271,135,136,136,0,14,20583.0,55.0,27.0,28.0,28,0,12.0,3045.0,501,250,251,251,0,20,33938.0,105,52,53,53,0,11,6327.0,135,67,68,68,0,11,8709.0,129,64,65,65,0,14,6919.0,127,63,64,64,0,13,8052.0,69,34,35,35,0,11,3997.0,185,92,93,93,0,17,13009.0,267,133,134,134,0,18,18033.0,67,33,34,34,0,11,4766.0,221,110,111,111,0,16,15199.0,31,15,16,16,0,8,2649.0,469,234,235,235,0,20,32953.0,37,18,19,19,0,7,1460.0,185,92,93,93,0,21,11415.0,371,185,186,186,0,17,28450.0,91,45,46,46,0,12,4743.0,151,75,76,76,0,13,8137.0
6700,135,67,68,68,0,14,9109.0,279,139,140,140,0,15,21151.0,65.0,32.0,33.0,33,0,12.0,3672.0,507,253,254,254,0,20,34535.0,111,55,56,56,0,11,6933.0,141,70,71,71,0,11,9346.0,137,68,69,69,0,14,7487.0,133,66,67,67,0,13,8662.0,69,34,35,35,0,11,4537.0,193,96,97,97,0,17,13599.0,275,137,138,138,0,18,18653.0,77,38,39,39,0,12,5368.0,231,115,116,116,0,16,15806.0,39,19,20,20,0,9,3250.0,479,239,240,240,0,20,33538.0,47,23,24,24,0,8,2066.0,197,98,99,99,0,22,12029.0,381,190,191,191,0,17,29046.0,95,47,48,48,0,12,5347.0,157,78,79,79,0,13,8724.0
6800,141,70,71,71,0,14,9698.0,289,144,145,145,0,15,21759.0,75.0,37.0,38.0,38,0,12.0,4224.0,515,257,258,258,0,20,35094.0,119,59,60,60,0,11,7539.0,149,74,75,75,0,12,9949.0,147,73,74,74,0,14,8119.0,147,73,74,74,0,13,9271.0,77,38,39,39,0,11,5135.0,207,103,104,104,0,17,14200.0,279,139,140,140,0,18,19219.0,81,40,41,41,0,13,5958.0,235,117,118,118,0,16,16410.0,41,20,21,21,0,9,3825.0,487,243,244,244,0,20,34156.0,57,28,29,29,0,8,2624.0,209,104,105,105,0,22,12665.0,385,192,193,193,0,17,29674.0,101,50,51,51,0,12,5932.0,161,80,81,81,0,13,9320.0
6900,147,73,74,74,0,14,10290.0,299,149,150,150,0,15,22365.0,85.0,42.0,43.0,43,0,13.0,4854.0,521,260,261,261,0,21,35705.0,123,61,62,62,0,12,8149.0,157,78,79,79,0,12,10588.0,149,74,75,75,0,15,8727.0,155,77,78,78,0,13,9868.0,87,43,44,44,0,12,5738.0,223,111,112,112,0,17,14793.0,293,146,147,147,0,18,19832.0,87,43,44,44,0,13,6535.0,243,121,122,122,0,17,16999.0,45,22,23,23,0,10,4439.0,503,251,252,252,0,20,34812.0,61,30,31,31,0,9,3182.0,217,108,109,109,0,22,13290.0,393,196,197,197,0,18,30276.0,5,2,3,3,0,3,383.0,165,82,83,83,0,13,9902.0
7000,157,78,79,79,0,15,10858.0,307,153,154,154,0,15,22987.0,93.0,46.0,47.0,47,0,13.0,5428.0,531,265,266,266,0,21,36288.0,137,68,69,69,0,12,8693.0,165,82,83,83,0,12,11157.0,163,81,82,82,0,15,9337.0,161,80,81,81,0,13,10467.0,95,47,48,48,0,12,6317.0,233,116,117,117,0,17,15431.0,301,150,151,151,0,18,20470.0,91,45,46,46,0,13,7137.0,251,125,126,126,0,17,17600.0,47,23,24,24,0,10,5087.0,513,256,257,257,0,20,35394.0,77,38,39,39,0,9,3741.0,229,114,115,115,0,23,13878.0,405,202,203,203,0,18,30870.0,21,10,11,11,0,6,1017.0,179,89,90,90,0,14,10504.0
7100,165,82,83,83,0,15,11489.0,311,155,156,156,0,15,23660.0,101.0,50.0,51.0,51,0,13.0,6036.0,51,25,26,26,0,11,3408.0,149,74,75,75,0,13,9355.0,173,86,87,87,0,12,11753.0,177,88,89,89,0,16,9949.0,171,85,86,86,0,13,11106.0,107,53,54,54,0,12,6885.0,245,122,123,123,0,17,16043.0,307,153,154,154,0,18,21070.0,95,47,48,48,0,13,7707.0,259,129,130,130,0,17,18146.0,49,24,25,25,0,10,5685.0,3,1,2,2,0,2,56.0,79,39,40,40,0,9,4351.0,237,118,119,119,0,23,14484.0,411,205,206,206,0,18,31445.0,33,16,17,17,0,7,1629.0,179,89,90,90,0,14,11119.0
7200,179,89,90,90,0,15,12071.0,321,160,161,161,0,15,24292.0,107.0,53.0,54.0,54,0,14.0,6608.0,63,31,32,32,0,13,3977.0,153,76,77,77,0,13,9965.0,177,88,89,89,0,12,12360.0,185,92,93,93,0,16,10555.0,181,90,91,91,0,13,11777.0,117,58,59,59,0,13,7569.0,247,123,124,124,0,17,16582.0,313,156,157,157,0,18,21691.0,103,51,52,52,0,13,8321.0,269,134,135,135,0,17,18770.0,57,28,29,29,0,10,6261.0,11,5,6,6,0,5,631.0,83,41,42,42,0,10,4968.0,245,122,123,123,0,23,15131.0,419,209,210,210,0,18,32013.0,43,21,22,22,0,8,2243.0,191,95,96,96,0,14,11691.0
7300,189,94,95,95,0,15,12671.0,327,163,164,164,0,15,24890.0,21.0,10.0,11.0,11,0,6.0,1216.0,71,35,36,36,0,13,4574.0,155,77,78,78,0,13,10602.0,183,91,92,92,0,13,12948.0,191,95,96,96,0,17,11134.0,189,94,95,95,0,13,12355.0,125,62,63,63,0,13,8165.0,257,128,129,129,0,17,17211.0,321,160,161,161,0,18,22284.0,115,57,58,58,0,14,8898.0,281,140,141,141,0,18,19389.0,61,30,31,31,0,10,6864.0,15,7,8,8,0,6,1236.0,93,46,47,47,0,11,5565.0,249,124,125,125,0,23,15733.0,429,214,215,215,0,18,32588.0,49,24,25,25,0,8,2868.0,201,100,101,101,0,14,12321.0
7400,199,99,100,100,0,15,13252.0,337,168,169,169,0,15,25484.0,31.0,15.0,16.0,16,0,7.0,1852.0,75,37,38,38,0,13,5166.0,163,81,82,82,0,13,11203.0,187,93,94,94,0,13,13502.0,205,102,103,103,0,17,11753.0,205,102,103,103,0,14,12965.0,133,66,67,67,0,14,8763.0,265,132,133,133,0,17,17797.0,325,162,163,163,0,18,22868.0,129,64,65,65,0,14,9468.0,291,145,146,146,0,18,19993.0,27,13,14,14,0,6,1778.0,25,12,13,13,0,7,1826.0,3,1,2,2,0,2,85.0,259,129,130,130,0,23,16339.0,437,218,219,219,0,18,33140.0,67,33,34,34,0,9,3460.0,205,102,103,103,0,14,12914.0
7500,203,101,102,102,0,15,13861.0,341,170,171,171,0,16,26044.0,39.0,19.0,20.0,20,0,7.0,2473.0,91,45,46,46,0,14,5751.0,171,85,86,86,0,13,11798.0,197,98,99,99,0,13,14131.0,213,106,107,107,0,17,12365.0,213,106,107,107,0,15,13565.0,147,73,74,74,0,14,9359.0,275,137,138,138,0,18,18378.0,147,73,74,74,0,16,8345.0,139,69,70,70,0,14,10061.0,297,148,149,149,0,18,20575.0,39,19,20,20,0,7,2360.0,31,15,16,16,0,8,2390.0,15,7,8,8,0,6,685.0,267,133,134,134,0,23,16925.0,441,220,221,221,0,18,33763.0,79,39,40,40,0,9,4046.0,217,108,109,109,0,15,13535.0
7600,209,104,105,105,0,15,14466.0,347,173,174,174,0,16,26637.0,45.0,22.0,23.0,23,0,8.0,3079.0,97,48,49,49,0,15,6382.0,171,85,86,86,0,13,12432.0,207,103,104,104,0,13,14735.0,227,113,114,114,0,17,12989.0,225,112,113,113,0,16,14183.0,151,75,76,76,0,14,9946.0,281,140,141,141,0,18,19026.0,153,76,77,77,0,16,8944.0,151,75,76,76,0,14,10671.0,305,152,153,153,0,18,21183.0,51,25,26,26,0,7,2956.0,41,20,21,21,0,8,2973.0,33,16,17,17,0,7,1270.0,269,134,135,135,0,23,17505.0,451,225,226,226,0,18,34348.0,91,45,46,46,0,10,4633.0,221,110,111,111,0,15,14137.0
7700,213,106,107,107,0,15,15056.0,351,175,176,176,0,16,27233.0,53.0,26.0,27.0,27,0,9.0,3676.0,107,53,54,54,0,15,7010.0,189,94,95,95,0,14,13050.0,217,108,109,109,0,14,15316.0,241,120,121,121,0,17,13599.0,227,113,114,114,0,16,14781.0,157,78,79,79,0,15,10557.0,291,145,146,146,0,18,19614.0,163,81,82,82,0,17,9577.0,163,81,82,82,0,15,11254.0,309,154,155,155,0,18,21806.0,59,29,30,30,0,8,3537.0,53,26,27,27,0,9,3565.0,37,18,19,19,0,8,1881.0,277,138,139,139,0,23,18086.0,465,232,233,233,0,19,34948.0,97,48,49,49,0,10,5218.0,231,115,116,116,0,15,14741.0
7800,215,107,108,108,0,15,15653.0,1,0,1,1,0,1,16.0,67.0,33.0,34.0,34,0,9.0,4303.0,117,58,59,59,0,15,7605.0,199,99,100,100,0,14,13646.0,223,111,112,112,0,14,15941.0,245,122,123,123,0,17,14184.0,231,115,116,116,0,16,15356.0,11,5,6,6,0,6,453.0,299,149,150,150,0,18,20207.0,173,86,87,87,0,17,10159.0,15,7,8,8,0,5,606.0,317,158,159,159,0,18,22427.0,77,38,39,39,0,9,4151.0,63,31,32,32,0,10,4199.0,43,21,22,22,0,10,2458.0,283,141,142,142,0,23,18651.0,477,238,239,239,0,19,35589.0,113,56,57,57,0,11,5766.0,239,119,120,120,0,15,15330.0
7900,43,21,22,22,0,8,2005.0,9,4,5,5,0,4,589.0,73.0,36.0,37.0,37,0,9.0,4906.0,121,60,61,61,0,15,8185.0,207,103,104,104,0,15,14247.0,225,112,113,113,0,14,16547.0,249,124,125,125,0,17,14803.0,241,120,121,121,0,16,15972.0,21,10,11,11,0,7,1067.0,305,152,153,153,0,18,20841.0,175,87,88,88,0,17,10736.0,27,13,14,14,0,7,1220.0,329,164,165,165,0,19,23034.0,83,41,42,42,0,10,4736.0,71,35,36,36,0,10,4778.0,49,24,25,25,0,11,3063.0,291,145,146,146,0,23,19250.0,483,241,242,242,0,19,36146.0,127,63,64,64,0,12,6375.0,11,5,6,6,0,6,453.0
8000,49,24,25,25,0,8,2540.0,25,12,13,13,0,7,1232.0,83.0,41.0,42.0,42,0,9.0,5477.0,131,65,66,66,0,15,8773.0,221,110,111,111,0,15,14840.0,231,115,116,116,0,14,17168.0,259,129,130,130,0,17,15404.0,253,126,127,127,0,16,16555.0,31,15,16,16,0,8,1643.0,315,157,158,158,0,18,21432.0,189,94,95,95,0,17,11362.0,45,22,23,23,0,8,1861.0,339,169,170,170,0,19,23668.0,89,44,45,45,0,10,5319.0,83,41,42,42,0,11,5407.0,65,32,33,33,0,12,3671.0,297,148,149,149,0,23,19841.0,491,245,246,246,0,19,36763.0,129,64,65,65,0,13,6978.0,25,12,13,13,0,8,1011.0
8100,61,30,31,31,0,9,3100.0,33,16,17,17,0,8,1816.0,91.0,45.0,46.0,46,0,9.0,6044.0,143,71,72,72,0,15,9406.0,231,115,116,116,0,16,15434.0,237,118,119,119,0,14,17763.0,265,132,133,133,0,17,15994.0,265,132,133,133,0,16,17155.0,33,16,17,17,0,8,2269.0,329,164,165,165,0,18,22022.0,199,99,100,100,0,17,11980.0,55,27,28,28,0,9,2497.0,345,172,173,173,0,19,24287.0,93,46,47,47,0,11,5911.0,89,44,45,45,0,12,5983.0,69,34,35,35,0,12,4276.0,305,152,153,153,0,23,20454.0,495,247,248,248,0,19,37379.0,145,72,73,73,0,14,7577.0,29,14,15,15,0,9,1606.0
8200,71,35,36,36,0,9,3698.0,43,21,22,22,0,10,2425.0,93.0,46.0,47.0,47,0,9.0,6661.0,145,72,73,73,0,15,9981.0,243,121,122,122,0,17,16063.0,245,122,123,123,0,15,18349.0,273,136,137,137,0,17,16624.0,273,136,137,137,0,16,17737.0,39,19,20,20,0,9,2882.0,335,167,168,168,0,18,22571.0,209,104,105,105,0,17,12564.0,63,31,32,32,0,9,3073.0,351,175,176,176,0,19,24916.0,97,48,49,49,0,11,6520.0,93,46,47,47,0,12,6600.0,83,41,42,42,0,14,4888.0,313,156,157,157,0,23,21065.0,507,253,254,254,0,19,37973.0,153,76,77,77,0,14,8178.0,37,18,19,19,0,10,2243.0
8300,79,39,40,40,0,9,4309.0,47,23,24,24,0,10,2994.0,99.0,49.0,50.0,50,0,10.0,7333.0,157,78,79,79,0,16,10588.0,249,124,125,125,0,17,16650.0,251,125,126,126,0,15,18961.0,279,139,140,140,0,17,17208.0,279,139,140,140,0,16,18326.0,47,23,24,24,0,9,3479.0,89,44,45,45,0,14,5924.0,215,107,108,108,0,18,13188.0,69,34,35,35,0,10,3699.0,361,180,181,181,0,19,25528.0,109,54,55,55,0,12,7121.0,107,53,54,54,0,12,7190.0,93,46,47,47,0,14,5502.0,95,47,48,48,0,11,5890.0,511,255,256,256,0,19,38551.0,167,83,84,84,0,14,8742.0,47,23,24,24,0,10,2838.0
8400,93,46,47,47,0,10,4931.0,55,27,28,28,0,10,3658.0,105.0,52.0,53.0,53,0,10.0,7954.0,161,80,81,81,0,16,11157.0,255,127,128,128,0,17,17230.0,259,129,130,130,0,15,19563.0,279,139,140,140,0,17,17854.0,287,143,144,144,0,16,18949.0,55,27,28,28,0,10,4074.0,99,49,50,50,0,14,6484.0,221,110,111,111,0,18,13790.0,79,39,40,40,0,11,4303.0,369,184,185,185,0,19,26106.0,117,58,59,59,0,12,7692.0,113,56,57,57,0,12,7752.0,105,52,53,53,0,14,6079.0,101,50,51,51,0,11,6476.0,521,260,261,261,0,19,39165.0,177,88,89,89,0,14,9335.0,55,27,28,28,0,11,3421.0
8500,103,51,52,52,0,10,5560.0,65,32,33,33,0,11,4247.0,113.0,56.0,57.0,57,0,10.0,8548.0,167,83,84,84,0,17,11790.0,263,131,132,132,0,18,17879.0,263,131,132,132,0,15,20109.0,287,143,144,144,0,17,18463.0,297,148,149,149,0,16,19559.0,65,32,33,33,0,11,4705.0,109,54,55,55,0,15,7058.0,231,115,116,116,0,18,14354.0,87,43,44,44,0,11,4867.0,373,186,187,187,0,19,26679.0,133,66,67,67,0,12,8316.0,121,60,61,61,0,12,8352.0,119,59,60,60,0,14,6675.0,107,53,54,54,0,11,7049.0,523,261,262,262,0,19,39731.0,179,89,90,90,0,14,9937.0,61,30,31,31,0,11,3990.0
8600,113,56,57,57,0,10,6148.0,75,37,38,38,0,12,4847.0,119.0,59.0,60.0,60,0,11.0,9181.0,173,86,87,87,0,17,12393.0,273,136,137,137,0,18,18454.0,271,135,136,136,0,15,20715.0,293,146,147,147,0,17,19061.0,135,67,68,68,0,12,7689.0,71,35,36,36,0,12,5314.0,115,57,58,58,0,15,7720.0,237,118,119,119,0,18,14968.0,93,46,47,47,0,12,5469.0,385,192,193,193,0,20,27295.0,145,72,73,73,0,12,8929.0,129,64,65,65,0,12,8929.0,127,63,64,64,0,14,7242.0,121,60,61,61,0,12,7593.0,181,90,91,91,0,15,11400.0,99,49,50,50,0,13,6616.0,69,34,35,35,0,12,4589.0
8700,123,61,62,62,0,10,6750.0,83,41,42,42,0,12,5457.0,123.0,61.0,62.0,62,0,12.0,9770.0,183,91,92,92,0,17,12991.0,279,139,140,140,0,18,19013.0,277,138,139,139,0,15,21316.0,93,46,47,47,0,13,4745.0,137,68,69,69,0,12,8315.0,73,36,37,37,0,12,5902.0,121,60,61,61,0,15,8294.0,243,121,122,122,0,18,15534.0,105,52,53,53,0,12,6048.0,393,196,197,197,0,20,27927.0,159,79,80,80,0,13,9572.0,137,68,69,69,0,12,9507.0,137,68,69,69,0,14,7851.0,127,63,64,64,0,12,8225.0,195,97,98,98,0,15,11992.0,109,54,55,55,0,14,7194.0,81,40,41,41,0,13,5207.0
8800,137,68,69,69,0,11,7356.0,97,48,49,49,0,13,6087.0,133.0,66.0,67.0,67,0,12.0,10362.0,193,96,97,97,0,17,13563.0,283,141,142,142,0,18,19613.0,291,145,146,146,0,15,21908.0,99,49,50,50,0,13,5374.0,147,73,74,74,0,12,8909.0,77,38,39,39,0,12,6496.0,125,62,63,63,0,15,8916.0,257,128,129,129,0,18,16145.0,117,58,59,59,0,12,6662.0,405,202,203,203,0,20,28546.0,167,83,84,84,0,13,10152.0,151,75,76,76,0,13,10121.0,149,74,75,75,0,14,8439.0,133,66,67,67,0,12,8795.0,203,101,102,102,0,16,12599.0,111,55,56,56,0,14,7781.0,89,44,45,45,0,14,5762.0
8900,145,72,73,73,0,11,7935.0,111,55,56,56,0,13,6682.0,137.0,68.0,69.0,69,0,13.0,10970.0,201,100,101,101,0,17,14183.0,287,143,144,144,0,18,20175.0,295,147,148,148,0,15,22527.0,111,55,56,56,0,14,5984.0,151,75,76,76,0,13,9506.0,87,43,44,44,0,12,7101.0,129,64,65,65,0,16,9527.0,259,129,130,130,0,18,16705.0,123,61,62,62,0,12,7287.0,411,205,206,206,0,20,29139.0,175,87,88,88,0,13,10745.0,161,80,81,81,0,13,10727.0,161,80,81,81,0,15,9051.0,137,68,69,69,0,12,9431.0,211,105,106,106,0,16,13221.0,121,60,61,61,0,14,8380.0,99,49,50,50,0,14,6375.0
9000,153,76,77,77,0,11,8465.0,123,61,62,62,0,13,7244.0,145.0,72.0,73.0,73,0,13.0,11563.0,213,106,107,107,0,17,14810.0,293,146,147,147,0,18,20761.0,299,149,150,150,0,15,23120.0,121,60,61,61,0,15,6615.0,165,82,83,83,0,13,10109.0,95,47,48,48,0,13,7733.0,135,67,68,68,0,16,10114.0,265,132,133,133,0,18,17268.0,137,68,69,69,0,12,7880.0,417,208,209,209,0,20,29741.0,181,90,91,91,0,13,11308.0,165,82,83,83,0,13,11311.0,173,86,87,87,0,15,9637.0,143,71,72,72,0,12,10037.0,217,108,109,109,0,16,13852.0,129,64,65,65,0,14,9016.0,105,52,53,53,0,15,6970.0
9100,159,79,80,80,0,11,9069.0,133,66,67,67,0,14,7823.0,153.0,76.0,77.0,77,0,14.0,12150.0,221,110,111,111,0,17,15384.0,303,151,152,152,0,19,21362.0,307,153,154,154,0,15,23744.0,123,61,62,62,0,15,7243.0,171,85,86,86,0,13,10744.0,103,51,52,52,0,13,8313.0,149,74,75,75,0,17,10696.0,279,139,140,140,0,19,17855.0,143,71,72,72,0,13,8429.0,427,213,214,214,0,20,30357.0,85,42,43,43,0,11,5068.0,169,84,85,85,0,13,11888.0,69,34,35,35,0,13,3886.0,147,73,74,74,0,12,10623.0,223,111,112,112,0,16,14424.0,137,68,69,69,0,15,9608.0,39,19,20,20,0,10,2247.0
9200,171,85,86,86,0,12,9740.0,145,72,73,73,0,14,8400.0,163.0,81.0,82.0,82,0,14.0,12744.0,229,114,115,115,0,17,15987.0,309,154,155,155,0,19,21981.0,309,154,155,155,0,15,24374.0,137,68,69,69,0,15,7791.0,179,89,90,90,0,13,11342.0,115,57,58,58,0,14,8959.0,155,77,78,78,0,17,11242.0,287,143,144,144,0,19,18449.0,157,78,79,79,0,13,9035.0,23,11,12,12,0,7,1387.0,91,45,46,46,0,11,5671.0,177,88,89,89,0,13,12469.0,77,38,39,39,0,14,4452.0,157,78,79,79,0,12,11233.0,235,117,118,118,0,16,15017.0,149,74,75,75,0,15,10235.0,57,28,29,29,0,11,2852.0
9300,177,88,89,89,0,12,10398.0,149,74,75,75,0,14,8985.0,177.0,88.0,89.0,89,0,14.0,13354.0,239,119,120,120,0,17,16559.0,313,156,157,157,0,19,22569.0,319,159,160,160,0,15,24952.0,145,72,73,73,0,15,8391.0,185,92,93,93,0,13,11934.0,123,61,62,62,0,14,9560.0,167,83,84,84,0,17,11866.0,301,150,151,151,0,19,19052.0,159,79,80,80,0,13,9623.0,27,13,14,14,0,8,1967.0,93,46,47,47,0,11,6282.0,181,90,91,91,0,13,13053.0,87,43,44,44,0,14,5064.0,159,79,80,80,0,12,11805.0,245,122,123,123,0,16,15658.0,153,76,77,77,0,16,10835.0,65,32,33,33,0,11,3461.0
9400,185,92,93,93,0,12,10980.0,161,80,81,81,0,15,9530.0,193.0,96.0,97.0,97,0,14.0,13941.0,249,124,125,125,0,17,17156.0,321,160,161,161,0,20,23207.0,325,162,163,163,0,15,25545.0,157,78,79,79,0,15,8989.0,195,97,98,98,0,14,12542.0,135,67,68,68,0,15,10120.0,177,88,89,89,0,18,12475.0,311,155,156,156,0,19,19658.0,161,80,81,81,0,13,10235.0,33,16,17,17,0,9,2557.0,97,48,49,49,0,11,6830.0,187,93,94,94,0,13,13669.0,101,50,51,51,0,15,5674.0,169,84,85,85,0,13,12426.0,257,128,129,129,0,16,16290.0,157,78,79,79,0,16,11458.0,79,39,40,40,0,12,4071.0
9500,199,99,100,100,0,12,11543.0,169,84,85,85,0,16,10130.0,199.0,99.0,100.0,100,0,14.0,14551.0,257,128,129,129,0,17,17737.0,325,162,163,163,0,20,23816.0,325,162,163,163,0,15,26143.0,159,79,80,80,0,15,9651.0,199,99,100,100,0,14,13155.0,55,27,28,28,0,11,3528.0,177,88,89,89,0,18,13103.0,317,158,159,159,0,19,20242.0,177,88,89,89,0,13,10856.0,39,19,20,20,0,9,3163.0,107,53,54,54,0,12,7460.0,199,99,100,100,0,13,14260.0,105,52,53,53,0,15,6264.0,185,92,93,93,0,13,12999.0,273,136,137,137,0,16,16841.0,167,83,84,84,0,16,12041.0,89,44,45,45,0,13,4647.0
9600,207,103,104,104,0,12,12123.0,175,87,88,88,0,16,10694.0,215.0,107.0,108.0,108,0,14.0,15108.0,269,134,135,135,0,17,18371.0,331,165,166,166,0,20,24444.0,333,166,167,167,0,16,26775.0,169,84,85,85,0,15,10250.0,209,104,105,105,0,14,13762.0,71,35,36,36,0,11,4138.0,181,90,91,91,0,18,13734.0,327,163,164,164,0,20,20848.0,183,91,92,92,0,13,11460.0,43,21,22,22,0,9,3747.0,117,58,59,59,0,12,8086.0,201,100,101,101,0,13,14848.0,107,53,54,54,0,15,6892.0,193,96,97,97,0,14,13605.0,281,140,141,141,0,16,17487.0,177,88,89,89,0,16,12611.0,99,49,50,50,0,13,5250.0
9700,223,111,112,112,0,13,12732.0,187,93,94,94,0,16,11276.0,217.0,108.0,109.0,109,0,15.0,15662.0,277,138,139,139,0,17,19003.0,347,173,174,174,0,20,25060.0,339,169,170,170,0,16,27379.0,177,88,89,89,0,15,10838.0,213,106,107,107,0,14,14352.0,81,40,41,41,0,12,4725.0,191,95,96,96,0,19,14353.0,341,170,171,171,0,20,21479.0,193,96,97,97,0,13,12037.0,55,27,28,28,0,11,4342.0,125,62,63,63,0,13,8691.0,207,103,104,104,0,13,15499.0,115,57,58,58,0,15,7478.0,195,97,98,98,0,14,14239.0,291,145,146,146,0,16,18129.0,183,91,92,92,0,16,13191.0,109,54,55,55,0,14,5866.0
9800,233,116,117,117,0,13,13344.0,197,98,99,99,0,16,11881.0,221.0,110.0,111.0,111,0,15.0,16294.0,283,141,142,142,0,17,19597.0,349,174,175,175,0,20,25676.0,347,173,174,174,0,16,27986.0,179,89,90,90,0,15,11461.0,217,108,109,109,0,15,14932.0,89,44,45,45,0,12,5330.0,195,97,98,98,0,19,14917.0,353,176,177,177,0,20,22095.0,195,97,98,98,0,13,12662.0,61,30,31,31,0,11,4930.0,133,66,67,67,0,14,9285.0,209,104,105,105,0,13,16069.0,117,58,59,59,0,15,8100.0,199,99,100,100,0,14,14857.0,299,149,150,150,0,16,18737.0,191,95,96,96,0,16,13750.0,115,57,58,58,0,14,6451.0
9900,243,121,122,122,0,13,13953.0,203,101,102,102,0,16,12471.0,227.0,113.0,114.0,114,0,15.0,16923.0,299,149,150,150,0,17,20172.0,79,39,40,40,0,11,4826.0,351,175,176,176,0,16,28656.0,193,96,97,97,0,16,12073.0,221,110,111,111,0,15,15498.0,97,48,49,49,0,12,5915.0,207,103,104,104,0,19,15460.0,361,180,181,181,0,20,22656.0,11,5,6,6,0,4,632.0,73,36,37,37,0,11,5515.0,141,70,71,71,0,14,9874.0,215,107,108,108,0,13,16658.0,121,60,61,61,0,16,8688.0,209,104,105,105,0,14,15411.0,307,153,154,154,0,16,19360.0,199,99,100,100,0,16,14341.0,121,60,61,61,0,14,7067.0
10000,253,126,127,127,0,13,14557.0,127,63,64,64,0,14,9379.0,233.0,116.0,117.0,117,0,15.0,17510.0,311,155,156,156,0,17,20769.0,85,42,43,43,0,12,5399.0,355,177,178,178,0,16,29239.0,203,101,102,102,0,16,12701.0,225,112,113,113,0,15,16106.0,107,53,54,54,0,12,6540.0,211,105,106,106,0,19,16071.0,365,182,183,183,0,20,23195.0,21,10,11,11,0,6,1227.0,87,43,44,44,0,12,6104.0,149,74,75,75,0,15,10493.0,221,110,111,111,0,13,17221.0,129,64,65,65,0,17,9281.0,215,107,108,108,0,15,16020.0,309,154,155,155,0,16,19925.0,209,104,105,105,0,16,14933.0,125,62,63,63,0,14,7655.0
10100,263,131,132,132,0,13,15137.0,133,66,67,67,0,14,9956.0,237.0,118.0,119.0,119,0,15.0,18140.0,313,156,157,157,0,17,21422.0,91,45,46,46,0,12,6007.0,85,42,43,43,0,10,5041.0,205,102,103,103,0,16,13245.0,233,116,117,117,0,15,16711.0,119,59,60,60,0,12,7121.0,217,108,109,109,0,19,16629.0,369,184,185,185,0,20,23773.0,35,17,18,18,0,7,1827.0,101,50,51,51,0,12,6654.0,157,78,79,79,0,16,11129.0,227,113,114,114,0,13,17834.0,141,70,71,71,0,17,9883.0,223,111,112,112,0,15,16632.0,323,161,162,162,0,16,20532.0,217,108,109,109,0,16,15568.0,127,63,64,64,0,14,8268.0
10200,271,135,136,136,0,13,15754.0,139,69,70,70,0,14,10544.0,245.0,122.0,123.0,123,0,15.0,18747.0,319,159,160,160,0,17,22003.0,105,52,53,53,0,13,6591.0,97,48,49,49,0,12,5683.0,213,106,107,107,0,16,13795.0,247,123,124,124,0,15,17337.0,131,65,66,66,0,12,7727.0,229,114,115,115,0,19,17199.0,381,190,191,191,0,21,24319.0,47,23,24,24,0,9,2443.0,109,54,55,55,0,12,7230.0,163,81,82,82,0,16,11739.0,49,24,25,25,0,10,3213.0,153,76,77,77,0,18,10482.0,233,116,117,117,0,15,17264.0,331,165,166,166,0,16,21130.0,231,115,116,116,0,16,16153.0,137,68,69,69,0,14,8845.0
10300,279,139,140,140,0,14,16366.0,151,75,76,76,0,15,11108.0,253.0,126.0,127.0,127,0,15.0,19358.0,333,166,167,167,0,17,22595.0,113,56,57,57,0,13,7150.0,101,50,51,51,0,12,6251.0,221,110,111,111,0,16,14368.0,249,124,125,125,0,15,17902.0,135,67,68,68,0,12,8307.0,237,118,119,119,0,19,17762.0,389,194,195,195,0,21,24912.0,55,27,28,28,0,10,3082.0,123,61,62,62,0,13,7873.0,165,82,83,83,0,16,12350.0,55,27,28,28,0,10,3804.0,159,79,80,80,0,18,11117.0,239,119,120,120,0,15,17890.0,339,169,170,170,0,16,21713.0,239,119,120,120,0,17,16725.0,139,69,70,70,0,14,9452.0
10400,287,143,144,144,0,14,16979.0,153,76,77,77,0,15,11734.0,259.0,129.0,130.0,130,0,15.0,19986.0,335,167,168,168,0,17,23201.0,123,61,62,62,0,14,7789.0,109,54,55,55,0,12,6803.0,231,115,116,116,0,16,14977.0,261,130,131,131,0,15,18487.0,143,71,72,72,0,12,8906.0,241,120,121,121,0,19,18391.0,397,198,199,199,0,21,25505.0,63,31,32,32,0,11,3672.0,137,68,69,69,0,13,8465.0,169,84,85,85,0,16,12948.0,61,30,31,31,0,10,4403.0,167,83,84,84,0,18,11675.0,249,124,125,125,0,15,18500.0,345,172,173,173,0,16,22263.0,249,124,125,125,0,17,17342.0,143,71,72,72,0,14,9962.0
10500,291,145,146,146,0,14,17620.0,165,82,83,83,0,15,12343.0,273.0,136.0,137.0,137,0,16.0,20581.0,345,172,173,173,0,17,23813.0,129,64,65,65,0,14,8392.0,113,56,57,57,0,13,7345.0,241,120,121,121,0,16,15533.0,261,130,131,131,0,15,19059.0,149,74,75,75,0,13,9487.0,245,122,123,123,0,19,18999.0,409,204,205,205,0,21,26063.0,75,37,38,38,0,12,4263.0,151,75,76,76,0,14,9074.0,179,89,90,90,0,17,13554.0,65,32,33,33,0,10,5017.0,169,84,85,85,0,18,12272.0,267,133,134,134,0,15,19100.0,349,174,175,175,0,16,22877.0,261,130,131,131,0,17,17946.0,151,75,76,76,0,14,10535.0
10600,295,147,148,148,0,14,18220.0,175,87,88,88,0,15,12939.0,279.0,139.0,140.0,140,0,16.0,21157.0,353,176,177,177,0,17,24432.0,143,71,72,72,0,14,8994.0,121,60,61,61,0,13,7924.0,253,126,127,127,0,16,16114.0,273,136,137,137,0,15,19689.0,165,82,83,83,0,13,10062.0,249,124,125,125,0,19,19618.0,423,211,212,212,0,21,26674.0,83,41,42,42,0,12,4835.0,167,83,84,84,0,15,9673.0,189,94,95,95,0,17,14189.0,83,41,42,42,0,11,5646.0,175,87,88,88,0,18,12889.0,281,140,141,141,0,15,19676.0,359,179,180,180,0,16,23495.0,267,133,134,134,0,18,18535.0,163,81,82,82,0,15,11148.0
10700,303,151,152,152,0,14,18820.0,175,87,88,88,0,15,13534.0,285.0,142.0,143.0,143,0,16.0,21752.0,159,79,80,80,0,14,11325.0,147,73,74,74,0,14,9587.0,129,64,65,65,0,13,8537.0,257,128,129,129,0,16,16735.0,277,138,139,139,0,15,20296.0,171,85,86,86,0,13,10653.0,257,128,129,129,0,19,20229.0,431,215,216,216,0,21,27229.0,87,43,44,44,0,12,5406.0,173,86,87,87,0,15,10236.0,193,96,97,97,0,17,14794.0,91,45,46,46,0,12,6317.0,183,91,92,92,0,18,13457.0,289,144,145,145,0,15,20254.0,361,180,181,181,0,16,24129.0,275,137,138,138,0,18,19138.0,171,85,86,86,0,15,11708.0
10800,317,158,159,159,0,14,19449.0,185,92,93,93,0,15,14130.0,289.0,144.0,145.0,145,0,16.0,22351.0,165,82,83,83,0,14,11894.0,153,76,77,77,0,14,10181.0,141,70,71,71,0,13,9118.0,271,135,136,136,0,16,17314.0,285,142,143,143,0,15,20956.0,175,87,88,88,0,13,11248.0,269,134,135,135,0,20,20823.0,435,217,218,218,0,22,27851.0,103,51,52,52,0,13,6002.0,177,88,89,89,0,15,10817.0,199,99,100,100,0,18,15469.0,97,48,49,49,0,13,6911.0,195,97,98,98,0,18,14094.0,291,145,146,146,0,15,20859.0,365,182,183,183,0,16,24744.0,285,142,143,143,0,18,19729.0,181,90,91,91,0,15,12284.0
10900,325,162,163,163,0,14,20070.0,191,95,96,96,0,15,14730.0,25.0,12.0,13.0,13,0,6.0,1278.0,169,84,85,85,0,14,12487.0,161,80,81,81,0,14,10830.0,149,74,75,75,0,13,9704.0,281,140,141,141,0,16,17913.0,293,146,147,147,0,15,21513.0,177,88,89,89,0,13,11848.0,281,140,141,141,0,20,21413.0,443,221,222,222,0,22,28476.0,109,54,55,55,0,13,6607.0,185,92,93,93,0,15,11373.0,209,104,105,105,0,18,16093.0,109,54,55,55,0,13,7489.0,199,99,100,100,0,18,14694.0,299,149,150,150,0,15,21447.0,371,185,186,186,0,16,25324.0,295,147,148,148,0,18,20328.0,187,93,94,94,0,15,12876.0
11000,337,168,169,169,0,15,20709.0,203,101,102,102,0,15,15328.0,41.0,20.0,21.0,21,0,9.0,1921.0,173,86,87,87,0,14,13102.0,169,84,85,85,0,14,11390.0,159,79,80,80,0,13,10284.0,287,143,144,144,0,17,18553.0,297,148,149,149,0,15,22085.0,187,93,94,94,0,13,12471.0,291,145,146,146,0,20,22053.0,451,225,226,226,0,22,29100.0,117,58,59,59,0,13,7196.0,83,41,42,42,0,15,4593.0,215,107,108,108,0,18,16732.0,115,57,58,58,0,14,8038.0,203,101,102,102,0,18,15278.0,307,153,154,154,0,15,22093.0,377,188,189,189,0,17,25897.0,301,150,151,151,0,18,20930.0,193,96,97,97,0,15,13494.0
11100,345,172,173,173,0,15,21329.0,205,102,103,103,0,15,15875.0,51.0,25.0,26.0,26,0,9.0,2538.0,179,89,90,90,0,15,13661.0,179,89,90,90,0,14,12011.0,163,81,82,82,0,13,10889.0,293,146,147,147,0,17,19148.0,301,150,151,151,0,15,22692.0,203,101,102,102,0,14,13037.0,295,147,148,148,0,20,22662.0,119,59,60,60,0,10,7291.0,125,62,63,63,0,13,7786.0,99,49,50,50,0,16,5206.0,223,111,112,112,0,19,17323.0,131,65,66,66,0,15,8671.0,215,107,108,108,0,18,15859.0,311,155,156,156,0,15,22721.0,383,191,192,192,0,17,26513.0,309,154,155,155,0,18,21558.0,201,100,101,101,0,15,14096.0
11200,355,177,178,178,0,15,21947.0,219,109,110,110,0,15,16480.0,63.0,31.0,32.0,32,0,10.0,3118.0,185,92,93,93,0,15,14248.0,187,93,94,94,0,15,12636.0,171,85,86,86,0,13,11467.0,295,147,148,148,0,17,19775.0,309,154,155,155,0,15,23300.0,213,106,107,107,0,14,13679.0,301,150,151,151,0,20,23267.0,131,65,66,66,0,10,7904.0,133,66,67,67,0,14,8388.0,105,52,53,53,0,16,5802.0,233,116,117,117,0,19,17933.0,141,70,71,71,0,16,9279.0,221,110,111,111,0,18,16473.0,325,162,163,163,0,15,23296.0,393,196,197,197,0,17,27107.0,313,156,157,157,0,18,22116.0,213,106,107,107,0,15,14668.0
11300,367,183,184,184,0,15,22568.0,219,109,110,110,0,15,17084.0,71.0,35.0,36.0,36,0,10.0,3700.0,195,97,98,98,0,15,14852.0,189,94,95,95,0,15,13267.0,181,90,91,91,0,14,12070.0,301,150,151,151,0,17,20370.0,313,156,157,157,0,15,23888.0,223,111,112,112,0,14,14213.0,307,153,154,154,0,20,23868.0,139,69,70,70,0,10,8451.0,133,66,67,67,0,14,8979.0,113,56,57,57,0,16,6383.0,237,118,119,119,0,19,18584.0,147,73,74,74,0,17,9866.0,225,112,113,113,0,18,17097.0,333,166,167,167,0,15,23899.0,405,202,203,203,0,17,27749.0,323,161,162,162,0,19,22688.0,223,111,112,112,0,16,15259.0
11400,375,187,188,188,0,16,23136.0,229,114,115,115,0,15,17676.0,75.0,37.0,38.0,38,0,10.0,4309.0,199,99,100,100,0,16,15445.0,201,100,101,101,0,15,13876.0,195,97,98,98,0,14,12705.0,321,160,161,161,0,17,20992.0,319,159,160,160,0,15,24483.0,231,115,116,116,0,14,14832.0,319,159,160,160,0,20,24463.0,145,72,73,73,0,11,9001.0,145,72,73,73,0,14,9555.0,121,60,61,61,0,16,6940.0,249,124,125,125,0,19,19200.0,151,75,76,76,0,17,10481.0,225,112,113,113,0,18,17666.0,347,173,174,174,0,15,24501.0,413,206,207,207,0,17,28315.0,327,163,164,164,0,19,23302.0,229,114,115,115,0,16,15842.0
11500,379,189,190,190,0,16,23700.0,233,116,117,117,0,16,18260.0,85.0,42.0,43.0,43,0,10.0,4929.0,211,105,106,106,0,16,16074.0,211,105,106,106,0,15,14472.0,205,102,103,103,0,14,13334.0,325,162,163,163,0,17,21618.0,327,163,164,164,0,15,25093.0,239,119,120,120,0,14,15416.0,325,162,163,163,0,21,25079.0,151,75,76,76,0,11,9611.0,159,79,80,80,0,14,10167.0,125,62,63,63,0,17,7551.0,253,126,127,127,0,19,19798.0,157,78,79,79,0,17,11074.0,233,116,117,117,0,18,18277.0,355,177,178,178,0,16,25077.0,419,209,210,210,0,17,28873.0,337,168,169,169,0,19,23906.0,231,115,116,116,0,16,16447.0
11600,399,199,200,200,0,16,24345.0,239,119,120,120,0,16,18854.0,93.0,46.0,47.0,47,0,11.0,5537.0,215,107,108,108,0,16,16704.0,221,110,111,111,0,15,15085.0,213,106,107,107,0,14,13928.0,331,165,166,166,0,17,22223.0,341,170,171,171,0,15,25655.0,247,123,124,124,0,14,16029.0,329,164,165,165,0,21,25685.0,159,79,80,80,0,12,10200.0,167,83,84,84,0,14,10735.0,129,64,65,65,0,17,8125.0,257,128,129,129,0,19,20391.0,167,83,84,84,0,18,11634.0,241,120,121,121,0,18,18863.0,367,183,184,184,0,16,25704.0,429,214,215,215,0,17,29431.0,343,171,172,172,0,19,24517.0,237,118,119,119,0,16,17063.0
11700,403,201,202,202,0,16,24937.0,239,119,120,120,0,16,19428.0,97.0,48.0,49.0,49,0,11.0,6156.0,223,111,112,112,0,16,17295.0,235,117,118,118,0,15,15691.0,223,111,112,112,0,15,14546.0,339,169,170,170,0,17,22818.0,355,177,178,178,0,15,26297.0,257,128,129,129,0,14,16634.0,341,170,171,171,0,21,26305.0,165,82,83,83,0,12,10779.0,173,86,87,87,0,14,11343.0,143,71,72,72,0,18,8744.0,267,133,134,134,0,19,21003.0,177,88,89,89,0,18,12241.0,249,124,125,125,0,18,19443.0,373,186,187,187,0,16,26355.0,435,217,218,218,0,17,30043.0,351,175,176,176,0,19,25150.0,247,123,124,124,0,16,17678.0
11800,415,207,208,208,0,16,25530.0,247,123,124,124,0,16,19975.0,101.0,50.0,51.0,51,0,11.0,6740.0,229,114,115,115,0,16,17893.0,237,118,119,119,0,15,16265.0,237,118,119,119,0,16,15155.0,345,172,173,173,0,18,23468.0,365,182,183,183,0,16,26877.0,265,132,133,133,0,14,17192.0,349,174,175,175,0,21,26912.0,171,85,86,86,0,12,11397.0,179,89,90,90,0,14,11948.0,153,76,77,77,0,18,9328.0,271,135,136,136,0,19,21616.0,187,93,94,94,0,18,12823.0,255,127,128,128,0,18,20074.0,377,188,189,189,0,16,26926.0,439,219,220,220,0,17,30635.0,359,179,180,180,0,19,25708.0,253,126,127,127,0,17,18279.0
11900,421,210,211,211,0,16,26128.0,257,128,129,129,0,16,20568.0,103.0,51.0,52.0,52,0,11.0,7341.0,235,117,118,118,0,17,18464.0,245,122,123,123,0,16,16908.0,243,121,122,122,0,16,15765.0,351,175,176,176,0,18,24081.0,377,188,189,189,0,16,27456.0,271,135,136,136,0,14,17799.0,355,177,178,178,0,21,27482.0,183,91,92,92,0,12,11983.0,5,2,3,3,0,3,171.0,163,81,82,82,0,18,9901.0,279,139,140,140,0,20,22240.0,199,99,100,100,0,19,13435.0,261,130,131,131,0,18,20646.0,385,192,193,193,0,16,27510.0,443,221,222,222,0,17,31242.0,361,180,181,181,0,19,26324.0,259,129,130,130,0,17,18870.0
12000,431,215,216,216,0,16,26718.0,261,130,131,131,0,16,21180.0,107.0,53.0,54.0,54,0,11.0,7953.0,243,121,122,122,0,17,19087.0,257,128,129,129,0,16,17531.0,249,124,125,125,0,16,16338.0,369,184,185,185,0,19,24658.0,381,190,191,191,0,16,28044.0,279,139,140,140,0,14,18415.0,365,182,183,183,0,21,28104.0,189,94,95,95,0,12,12579.0,17,8,9,9,0,6,753.0,171,85,86,86,0,18,10507.0,287,143,144,144,0,20,22858.0,209,104,105,105,0,19,14026.0,275,137,138,138,0,18,21224.0,391,195,196,196,0,16,28122.0,447,223,224,224,0,17,31847.0,371,185,186,186,0,19,26930.0,265,132,133,133,0,17,19466.0
12100,437,218,219,219,0,16,27342.0,263,131,132,132,0,16,21768.0,109.0,54.0,55.0,55,0,11.0,8542.0,251,125,126,126,0,17,19703.0,259,129,130,130,0,16,18123.0,253,126,127,127,0,16,16929.0,385,192,193,193,0,19,25301.0,391,195,196,196,0,16,28684.0,287,143,144,144,0,14,19034.0,375,187,188,188,0,22,28666.0,197,98,99,99,0,13,13139.0,29,14,15,15,0,8,1410.0,183,91,92,92,0,18,11115.0,289,144,145,145,0,20,23480.0,213,106,107,107,0,19,14630.0,285,142,143,143,0,18,21861.0,27,13,14,14,0,7,1363.0,449,224,225,225,0,17,32404.0,377,188,189,189,0,19,27568.0,275,137,138,138,0,17,20062.0
12200,439,219,220,220,0,16,27955.0,275,137,138,138,0,16,22365.0,117.0,58.0,59.0,59,0,12.0,9129.0,259,129,130,130,0,17,20318.0,269,134,135,135,0,16,18715.0,265,132,133,133,0,16,17471.0,397,198,199,199,0,19,25917.0,397,198,199,199,0,16,29301.0,289,144,145,145,0,14,19625.0,381,190,191,191,0,22,29288.0,201,100,101,101,0,13,13697.0,41,20,21,21,0,9,2041.0,17,8,9,9,0,6,671.0,293,146,147,147,0,20,24071.0,221,110,111,111,0,20,15220.0,289,144,145,145,0,18,22464.0,39,19,20,20,0,8,1980.0,451,225,226,226,0,17,33037.0,383,191,192,192,0,19,28164.0,279,139,140,140,0,17,20682.0
12300,449,224,225,225,0,16,28551.0,281,140,141,141,0,16,22965.0,127.0,63.0,64.0,64,0,12.0,9667.0,263,131,132,132,0,17,20928.0,279,139,140,140,0,16,19327.0,271,135,136,136,0,16,18091.0,405,202,203,203,0,19,26510.0,403,201,202,202,0,17,29938.0,299,149,150,150,0,14,20223.0,387,193,194,194,0,22,29891.0,211,105,106,106,0,13,14303.0,47,23,24,24,0,10,2631.0,25,12,13,13,0,6,1237.0,301,150,151,151,0,20,24709.0,231,115,116,116,0,20,15802.0,301,150,151,151,0,18,23080.0,49,24,25,25,0,9,2596.0,461,230,231,231,0,17,33619.0,389,194,195,195,0,20,28775.0,287,143,144,144,0,17,21279.0
12400,457,228,229,229,0,16,29115.0,287,143,144,144,0,16,23583.0,135.0,67.0,68.0,68,0,12.0,10279.0,273,136,137,137,0,17,21525.0,289,144,145,145,0,16,19943.0,283,141,142,142,0,16,18684.0,409,204,205,205,0,19,27105.0,411,205,206,206,0,17,30522.0,307,153,154,154,0,15,20788.0,391,195,196,196,0,22,30505.0,219,109,110,110,0,13,14911.0,57,28,29,29,0,11,3273.0,41,20,21,21,0,8,1861.0,307,153,154,154,0,20,25317.0,241,120,121,121,0,21,16419.0,307,153,154,154,0,19,23692.0,61,30,31,31,0,10,3227.0,477,238,239,239,0,17,34188.0,401,200,201,201,0,20,29396.0,297,148,149,149,0,17,21894.0
12500,471,235,236,236,0,17,29665.0,297,148,149,149,0,16,24190.0,143.0,71.0,72.0,72,0,12.0,10880.0,281,140,141,141,0,17,22104.0,301,150,151,151,0,16,20518.0,291,145,146,146,0,16,19240.0,423,211,212,212,0,19,27636.0,417,208,209,209,0,17,31122.0,319,159,160,160,0,15,21376.0,397,198,199,199,0,22,31089.0,223,111,112,112,0,13,15509.0,67,33,34,34,0,11,3844.0,53,26,27,27,0,9,2459.0,307,153,154,154,0,20,25964.0,249,124,125,125,0,21,17014.0,319,159,160,160,0,19,24298.0,75,37,38,38,0,10,3852.0,483,241,242,242,0,17,34792.0,411,205,206,206,0,20,30024.0,307,153,154,154,0,17,22471.0
12600,475,237,238,238,0,17,30244.0,303,151,152,152,0,16,24766.0,149.0,74.0,75.0,75,0,12.0,11478.0,285,142,143,143,0,17,22714.0,315,157,158,158,0,16,21114.0,299,149,150,150,0,17,19828.0,429,214,215,215,0,19,28241.0,425,212,213,213,0,17,31722.0,327,163,164,164,0,15,21941.0,405,202,203,203,0,22,31660.0,227,113,114,114,0,13,16131.0,77,38,39,39,0,12,4492.0,59,29,30,30,0,10,3071.0,309,154,155,155,0,20,26590.0,261,130,131,131,0,21,17640.0,329,164,165,165,0,19,24918.0,83,41,42,42,0,11,4489.0,489,244,245,245,0,17,35422.0,419,209,210,210,0,20,30622.0,315,157,158,158,0,17,23036.0
12700,489,244,245,245,0,17,30842.0,309,154,155,155,0,16,25367.0,153.0,76.0,77.0,77,0,12.0,12094.0,299,149,150,150,0,18,23334.0,325,162,163,163,0,16,21726.0,309,154,155,155,0,17,20395.0,433,216,217,217,0,19,28854.0,435,217,218,218,0,18,32320.0,331,165,166,166,0,15,22564.0,407,203,204,204,0,22,32263.0,233,116,117,117,0,13,16704.0,83,41,42,42,0,12,5101.0,69,34,35,35,0,11,3657.0,319,159,160,160,0,20,27217.0,269,134,135,135,0,21,18208.0,335,167,168,168,0,19,25499.0,93,46,47,47,0,11,5053.0,499,249,250,250,0,17,36033.0,423,211,212,212,0,21,31227.0,323,161,162,162,0,17,23613.0
12800,493,246,247,247,0,17,31472.0,325,162,163,163,0,16,25981.0,161.0,80.0,81.0,81,0,12.0,12661.0,307,153,154,154,0,18,23913.0,335,167,168,168,0,16,22304.0,313,156,157,157,0,17,21014.0,443,221,222,222,0,20,29466.0,447,223,224,224,0,18,32954.0,339,169,170,170,0,16,23158.0,413,206,207,207,0,22,32871.0,247,123,124,124,0,13,17350.0,99,49,50,50,0,13,5727.0,83,41,42,42,0,11,4279.0,327,163,164,164,0,20,27806.0,277,138,139,139,0,21,18788.0,343,171,172,172,0,19,26119.0,101,50,51,51,0,11,5664.0,503,251,252,252,0,17,36640.0,425,212,213,213,0,21,31800.0,327,163,164,164,0,17,24200.0
12900,503,251,252,252,0,17,32082.0,339,169,170,170,0,16,26575.0,165.0,82.0,83.0,83,0,13.0,13236.0,309,154,155,155,0,18,24494.0,337,168,169,169,0,16,22867.0,321,160,161,161,0,17,21624.0,451,225,226,226,0,20,30044.0,459,229,230,230,0,18,33597.0,347,173,174,174,0,16,23743.0,417,208,209,209,0,22,33449.0,249,124,125,125,0,13,17971.0,109,54,55,55,0,14,6327.0,95,47,48,48,0,12,4873.0,337,168,169,169,0,20,28429.0,287,143,144,144,0,21,19419.0,345,172,173,173,0,19,26690.0,109,54,55,55,0,11,6229.0,511,255,256,256,0,17,37284.0,431,215,216,216,0,21,32403.0,331,165,166,166,0,17,24813.0
13000,513,256,257,257,0,17,32688.0,351,175,176,176,0,16,27180.0,171.0,85.0,86.0,86,0,13.0,13850.0,315,157,158,158,0,18,25094.0,343,171,172,172,0,16,23457.0,329,164,165,165,0,17,22187.0,457,228,229,229,0,20,30669.0,463,231,232,232,0,18,34212.0,353,176,177,177,0,16,24308.0,437,218,219,219,0,22,34039.0,251,125,126,126,0,13,18544.0,13,6,7,7,0,6,606.0,103,51,52,52,0,12,5489.0,141,70,71,71,0,13,10255.0,295,147,148,148,0,21,19977.0,357,178,179,179,0,19,27333.0,115,57,58,58,0,11,6834.0,517,258,259,259,0,17,37940.0,441,220,221,221,0,21,33050.0,339,169,170,170,0,17,25427.0
13100,521,260,261,261,0,17,33268.0,353,176,177,177,0,16,27746.0,183.0,91.0,92.0,92,0,13.0,14456.0,321,160,161,161,0,18,25726.0,355,177,178,178,0,16,24066.0,333,166,167,167,0,17,22791.0,465,232,233,233,0,20,31226.0,463,231,232,232,0,18,34815.0,363,181,182,182,0,16,24849.0,445,222,223,223,0,22,34643.0,261,130,131,131,0,13,19135.0,25,12,13,13,0,8,1250.0,117,58,59,59,0,12,6100.0,151,75,76,76,0,13,10922.0,309,154,155,155,0,21,20551.0,367,183,184,184,0,20,27886.0,129,64,65,65,0,12,7448.0,523,261,262,262,0,17,38502.0,449,224,225,225,0,21,33593.0,345,172,173,173,0,17,26015.0
13200,531,265,266,266,0,17,33834.0,355,177,178,178,0,16,28355.0,185.0,92.0,93.0,93,0,13.0,15055.0,331,165,166,166,0,18,26312.0,359,179,180,180,0,16,24649.0,341,170,171,171,0,17,23373.0,477,238,239,239,0,20,31797.0,475,237,238,238,0,18,35485.0,371,185,186,186,0,16,25416.0,449,224,225,225,0,22,35232.0,265,132,133,133,0,13,19713.0,41,20,21,21,0,9,1842.0,123,61,62,62,0,13,6656.0,163,81,82,82,0,13,11539.0,323,161,162,162,0,21,21144.0,371,185,186,186,0,20,28467.0,135,67,68,68,0,13,8031.0,533,266,267,267,0,17,39137.0,89,44,45,45,0,10,6108.0,347,173,174,174,0,17,26596.0
13300,535,267,268,268,0,17,34411.0,359,179,180,180,0,16,28991.0,189.0,94.0,95.0,95,0,13.0,15626.0,337,168,169,169,0,18,26923.0,375,187,188,188,0,17,25242.0,349,174,175,175,0,17,23971.0,479,239,240,240,0,20,32363.0,481,240,241,241,0,18,36045.0,381,190,191,191,0,16,26041.0,455,227,228,228,0,22,35851.0,273,136,137,137,0,13,20280.0,49,24,25,25,0,10,2388.0,41,20,21,21,0,9,1908.0,169,84,85,85,0,13,12117.0,329,164,165,165,0,21,21768.0,381,190,191,191,0,21,29080.0,141,70,71,71,0,13,8641.0,541,270,271,271,0,17,39700.0,97,48,49,49,0,10,6660.0,353,176,177,177,0,17,27194.0
13400,541,270,271,271,0,17,35017.0,365,182,183,183,0,16,29550.0,201.0,100.0,101.0,101,0,14.0,16228.0,343,171,172,172,0,18,27509.0,385,192,193,193,0,17,25841.0,355,177,178,178,0,17,24561.0,485,242,243,243,0,20,32958.0,487,243,244,244,0,18,36650.0,387,193,194,194,0,17,26638.0,463,231,232,232,0,23,36427.0,279,139,140,140,0,14,20885.0,59,29,30,30,0,10,3006.0,51,25,26,26,0,11,2505.0,171,85,86,86,0,13,12717.0,335,167,168,168,0,21,22359.0,391,195,196,196,0,21,29655.0,145,72,73,73,0,13,9236.0,549,274,275,275,0,17,40260.0,105,52,53,53,0,10,7284.0,369,184,185,185,0,17,27767.0
13500,547,273,274,274,0,17,35640.0,369,184,185,185,0,16,30118.0,207.0,103.0,104.0,104,0,14.0,16847.0,351,175,176,176,0,19,28091.0,387,193,194,194,0,17,26485.0,363,181,182,182,0,17,25114.0,47,23,24,24,0,10,2805.0,79,39,40,40,0,13,4917.0,395,197,198,198,0,17,27242.0,471,235,236,236,0,23,37019.0,285,142,143,143,0,14,21522.0,67,33,34,34,0,11,3593.0,63,31,32,32,0,12,3133.0,177,88,89,89,0,13,13251.0,343,171,172,172,0,21,22956.0,395,197,198,198,0,21,30251.0,153,76,77,77,0,13,9808.0,555,277,278,278,0,17,40898.0,113,56,57,57,0,10,7924.0,371,185,186,186,0,17,28382.0
13600,557,278,279,279,0,17,36262.0,377,188,189,189,0,16,30673.0,213.0,106.0,107.0,107,0,14.0,17460.0,361,180,181,181,0,19,28715.0,395,197,198,198,0,17,27048.0,365,182,183,183,0,17,25719.0,57,28,29,29,0,11,3385.0,81,40,41,41,0,13,5538.0,407,203,204,204,0,17,27851.0,479,239,240,240,0,23,37577.0,297,148,149,149,0,14,22134.0,75,37,38,38,0,11,4182.0,71,35,36,36,0,12,3733.0,181,90,91,91,0,13,13782.0,351,175,176,176,0,21,23538.0,403,201,202,202,0,22,30881.0,165,82,83,83,0,13,10426.0,561,280,281,281,0,17,41474.0,123,61,62,62,0,11,8549.0,379,189,190,190,0,17,28977.0
13700,563,281,282,282,0,18,36858.0,383,191,192,192,0,17,31267.0,219.0,109.0,110.0,110,0,14.0,18011.0,369,184,185,185,0,19,29305.0,399,199,200,200,0,17,27648.0,371,185,186,186,0,17,26290.0,67,33,34,34,0,11,3972.0,87,43,44,44,0,14,6154.0,415,207,208,208,0,17,28428.0,485,242,243,243,0,23,38179.0,305,152,153,153,0,14,22709.0,85,42,43,43,0,12,4797.0,77,38,39,39,0,13,4297.0,185,92,93,93,0,14,14399.0,357,178,179,179,0,22,24097.0,409,204,205,205,0,22,31478.0,169,84,85,85,0,14,11010.0,569,284,285,285,0,17,42113.0,129,64,65,65,0,11,9178.0,389,194,195,195,0,18,29566.0
13800,569,284,285,285,0,18,37438.0,391,195,196,196,0,17,31881.0,227.0,113.0,114.0,114,0,15.0,18623.0,377,188,189,189,0,19,29888.0,403,201,202,202,0,17,28246.0,385,192,193,193,0,18,26932.0,71,35,36,36,0,12,4552.0,95,47,48,48,0,14,6737.0,419,209,210,210,0,17,29053.0,491,245,246,246,0,23,38778.0,317,158,159,159,0,14,23301.0,89,44,45,45,0,12,5414.0,87,43,44,44,0,13,4897.0,191,95,96,96,0,14,15015.0,15,7,8,8,0,7,1373.0,411,205,206,206,0,22,32080.0,173,86,87,87,0,14,11591.0,575,287,288,288,0,17,42708.0,143,71,72,72,0,11,9768.0,403,201,202,202,0,18,30158.0
13900,579,289,290,290,0,18,38026.0,401,200,201,201,0,17,32498.0,233.0,116.0,117.0,117,0,15.0,19206.0,387,193,194,194,0,19,30476.0,411,205,206,206,0,17,28827.0,393,196,197,197,0,18,27533.0,81,40,41,41,0,13,5144.0,107,53,54,54,0,15,7312.0,429,214,215,215,0,17,29623.0,503,251,252,252,0,23,39314.0,329,164,165,165,0,14,23918.0,95,47,48,48,0,14,6004.0,95,47,48,48,0,13,5512.0,203,101,102,102,0,14,15629.0,23,11,12,12,0,7,1964.0,85,42,43,43,0,10,4447.0,183,91,92,92,0,14,12172.0,587,293,294,294,0,17,43323.0,147,73,74,74,0,11,10304.0,409,204,205,205,0,18,30753.0
14000,583,291,292,292,0,18,38602.0,409,204,205,205,0,18,33088.0,245.0,122.0,123.0,123,0,16.0,19837.0,389,194,195,195,0,19,31034.0,425,212,213,213,0,17,29419.0,407,203,204,204,0,18,28137.0,95,47,48,48,0,13,5748.0,121,60,61,61,0,15,7923.0,433,216,217,217,0,17,30217.0,507,253,254,254,0,23,39897.0,335,167,168,168,0,14,24520.0,111,55,56,56,0,15,6606.0,105,52,53,53,0,14,6115.0,209,104,105,105,0,14,16191.0,29,14,15,15,0,8,2557.0,97,48,49,49,0,11,5058.0,89,44,45,45,0,11,4821.0,587,293,294,294,0,17,43923.0,151,75,76,76,0,11,10924.0,413,206,207,207,0,18,31340.0
14100,589,294,295,295,0,18,39192.0,421,210,211,211,0,18,33715.0,253.0,126.0,127.0,127,0,16.0,20456.0,393,196,197,197,0,19,31619.0,431,215,216,216,0,18,30015.0,413,206,207,207,0,18,28771.0,103,51,52,52,0,13,6342.0,127,63,64,64,0,15,8491.0,439,219,220,220,0,18,30845.0,513,256,257,257,0,23,40540.0,343,171,172,172,0,14,25159.0,121,60,61,61,0,15,7211.0,119,59,60,60,0,14,6724.0,215,107,108,108,0,14,16751.0,39,19,20,20,0,9,3159.0,99,49,50,50,0,11,5647.0,99,49,50,50,0,11,5402.0,589,294,295,295,0,17,44533.0,167,83,84,84,0,12,11559.0,421,210,211,211,0,19,31961.0
14200,591,295,296,296,0,18,39780.0,431,215,216,216,0,18,34340.0,265.0,132.0,133.0,133,0,16.0,21089.0,401,200,201,201,0,19,32218.0,439,219,220,220,0,18,30638.0,417,208,209,209,0,18,29373.0,115,57,58,58,0,14,6972.0,137,68,69,69,0,16,9090.0,69,34,35,35,0,10,3605.0,517,258,259,259,0,23,41097.0,355,177,178,178,0,14,25791.0,125,62,63,63,0,15,7828.0,129,64,65,65,0,14,7324.0,219,109,110,110,0,14,17343.0,45,22,23,23,0,9,3716.0,107,53,54,54,0,12,6268.0,105,52,53,53,0,11,6045.0,595,297,298,298,0,17,45113.0,171,85,86,86,0,12,12166.0,433,216,217,217,0,19,32549.0
14300,597,298,299,299,0,18,40356.0,441,220,221,221,0,18,34934.0,269.0,134.0,135.0,135,0,16.0,21712.0,403,201,202,202,0,19,32824.0,455,227,228,228,0,18,31210.0,423,211,212,212,0,18,29996.0,123,61,62,62,0,14,7553.0,141,70,71,71,0,16,9713.0,81,40,41,41,0,11,4223.0,523,261,262,262,0,23,41707.0,365,182,183,183,0,14,26378.0,137,68,69,69,0,15,8450.0,135,67,68,68,0,14,7918.0,227,113,114,114,0,14,17934.0,51,25,26,26,0,9,4262.0,123,61,62,62,0,12,6830.0,115,57,58,58,0,11,6657.0,599,299,300,300,0,17,45681.0,181,90,91,91,0,12,12786.0,439,219,220,220,0,19,33153.0
14400,605,302,303,303,0,18,40984.0,451,225,226,226,0,18,35557.0,273.0,136.0,137.0,137,0,16.0,22270.0,405,202,203,203,0,19,33418.0,457,228,229,229,0,18,31802.0,431,215,216,216,0,18,30608.0,131,65,66,66,0,14,8166.0,155,77,78,78,0,16,10349.0,93,46,47,47,0,11,4812.0,533,266,267,267,0,23,42324.0,369,184,185,185,0,14,26983.0,139,69,70,70,0,15,9053.0,145,72,73,73,0,15,8494.0,235,117,118,118,0,14,18551.0,63,31,32,32,0,9,4883.0,127,63,64,64,0,12,7424.0,129,64,65,65,0,12,7273.0,609,304,305,305,0,17,46285.0,187,93,94,94,0,13,13401.0,451,225,226,226,0,20,33781.0
14500,615,307,308,308,0,18,41600.0,455,227,228,228,0,18,36143.0,279.0,139.0,140.0,140,0,16.0,22832.0,413,206,207,207,0,19,34034.0,465,232,233,233,0,18,32390.0,435,217,218,218,0,18,31221.0,141,70,71,71,0,15,8738.0,159,79,80,80,0,16,10917.0,101,50,51,51,0,11,5476.0,541,270,271,271,0,23,42927.0,377,188,189,189,0,15,27626.0,151,75,76,76,0,16,9652.0,157,78,79,79,0,15,9112.0,243,121,122,122,0,14,19112.0,69,34,35,35,0,10,5478.0,135,67,68,68,0,12,8063.0,141,70,71,71,0,12,7875.0,625,312,313,313,0,17,46895.0,199,99,100,100,0,13,14005.0,457,228,229,229,0,20,34359.0
14600,627,313,314,314,0,18,42198.0,461,230,231,231,0,18,36726.0,293.0,146.0,147.0,147,0,16.0,23413.0,421,210,211,211,0,19,34625.0,469,234,235,235,0,18,32928.0,441,220,221,221,0,18,31855.0,13,6,7,7,0,5,815.0,167,83,84,84,0,16,11539.0,107,53,54,54,0,13,6095.0,543,271,272,272,0,23,43597.0,385,192,193,193,0,15,28213.0,161,80,81,81,0,16,10224.0,167,83,84,84,0,15,9713.0,247,123,124,124,0,14,19721.0,71,35,36,36,0,10,6058.0,147,73,74,74,0,13,8669.0,153,76,77,77,0,13,8489.0,629,314,315,315,0,17,47467.0,211,105,106,106,0,14,14609.0,461,230,231,231,0,20,34934.0
14700,635,317,318,318,0,18,42783.0,461,230,231,231,0,18,37319.0,31.0,15.0,16.0,16,0,7.0,2517.0,435,217,218,218,0,19,35246.0,473,236,237,237,0,18,33515.0,451,225,226,226,0,18,32467.0,21,10,11,11,0,7,1410.0,171,85,86,86,0,16,12113.0,115,57,58,58,0,14,6721.0,545,272,273,273,0,23,44232.0,389,194,195,195,0,15,28773.0,165,82,83,83,0,17,10840.0,173,86,87,87,0,16,10287.0,257,128,129,129,0,14,20316.0,81,40,41,41,0,10,6639.0,153,76,77,77,0,13,9278.0,163,81,82,82,0,13,9065.0,635,317,318,318,0,17,48068.0,219,109,110,110,0,14,15172.0,469,234,235,235,0,20,35528.0
14800,639,319,320,320,0,18,43403.0,469,234,235,235,0,18,37883.0,43.0,21.0,22.0,22,0,9.0,3081.0,441,220,221,221,0,19,35862.0,477,238,239,239,0,18,34103.0,459,229,230,230,0,18,33047.0,31,15,16,16,0,8,2002.0,179,89,90,90,0,16,12694.0,131,65,66,66,0,14,7327.0,555,277,278,278,0,23,44867.0,395,197,198,198,0,16,29385.0,175,87,88,88,0,17,11450.0,177,88,89,89,0,16,10904.0,261,130,131,131,0,14,20917.0,89,44,45,45,0,10,7242.0,167,83,84,84,0,13,9898.0,177,88,89,89,0,13,9667.0,653,326,327,327,0,17,48720.0,229,114,115,115,0,14,15745.0,479,239,240,240,0,20,36143.0
14900,189,94,95,95,0,13,11761.0,473,236,237,237,0,18,38477.0,51.0,25.0,26.0,26,0,11.0,3736.0,451,225,226,226,0,19,36468.0,479,239,240,240,0,18,34755.0,469,234,235,235,0,18,33640.0,39,19,20,20,0,8,2604.0,191,95,96,96,0,16,13287.0,135,67,68,68,0,14,7918.0,563,281,282,282,0,23,45482.0,405,202,203,203,0,16,30005.0,189,94,95,95,0,17,12043.0,187,93,94,94,0,16,11491.0,267,133,134,134,0,14,21515.0,97,48,49,49,0,11,7826.0,177,88,89,89,0,14,10488.0,191,95,96,96,0,14,10264.0,655,327,328,328,0,17,49373.0,239,119,120,120,0,15,16376.0,487,243,244,244,0,20,36749.0
15000,195,97,98,98,0,13,12334.0,483,241,242,242,0,18,39045.0,59.0,29.0,30.0,30,0,12.0,4338.0,459,229,230,230,0,20,37090.0,487,243,244,244,0,18,35340.0,471,235,236,236,0,18,34206.0,53,26,27,27,0,9,3217.0,3,1,2,2,0,2,113.0,145,72,73,73,0,14,8549.0,571,285,286,286,0,23,46125.0,415,207,208,208,0,16,30600.0,197,98,99,99,0,17,12629.0,205,102,103,103,0,16,12113.0,273,136,137,137,0,14,22078.0,109,54,55,55,0,11,8485.0,185,92,93,93,0,14,11061.0,207,103,104,104,0,14,10888.0,659,329,330,330,0,17,49940.0,245,122,123,123,0,15,17006.0,497,248,249,249,0,20,37349.0
15100,195,97,98,98,0,13,12939.0,493,246,247,247,0,18,39618.0,67.0,33.0,34.0,34,0,13.0,4915.0,463,231,232,232,0,20,37719.0,493,246,247,247,0,18,35975.0,475,237,238,238,0,18,34796.0,63,31,32,32,0,11,3863.0,17,8,9,9,0,7,687.0,155,77,78,78,0,14,9149.0,575,287,288,288,0,23,46725.0,419,209,210,210,0,16,31226.0,207,103,104,104,0,18,13204.0,221,110,111,111,0,16,12716.0,283,141,142,142,0,14,22672.0,115,57,58,58,0,11,9045.0,189,94,95,95,0,14,11675.0,213,106,107,107,0,14,11486.0,677,338,339,339,0,17,50519.0,251,125,126,126,0,15,17600.0,505,252,253,253,0,20,37950.0
15200,209,104,105,105,0,14,13566.0,505,252,253,253,0,18,40228.0,69.0,34.0,35.0,35,0,13.0,5497.0,467,233,234,234,0,20,38298.0,505,252,253,253,0,18,36593.0,479,239,240,240,0,18,35417.0,75,37,38,38,0,11,4415.0,29,14,15,15,0,8,1252.0,161,80,81,81,0,14,9737.0,587,293,294,294,0,23,47338.0,425,212,213,213,0,16,31818.0,221,110,111,111,0,19,13789.0,225,112,113,113,0,17,13329.0,289,144,145,145,0,15,23272.0,121,60,61,61,0,11,9615.0,193,96,97,97,0,14,12275.0,223,111,112,112,0,14,12087.0,689,344,345,345,0,17,51108.0,259,129,130,130,0,15,18233.0,511,255,256,256,0,20,38508.0
15300,221,110,111,111,0,14,14137.0,505,252,253,253,0,18,40829.0,83.0,41.0,42.0,42,0,15.0,6116.0,475,237,238,238,0,20,38863.0,517,258,259,259,0,18,37173.0,485,242,243,243,0,18,35994.0,87,43,44,44,0,12,5013.0,39,19,20,20,0,9,1888.0,179,89,90,90,0,15,10340.0,593,296,297,297,0,23,47909.0,433,216,217,217,0,16,32422.0,231,115,116,116,0,19,14415.0,231,115,116,116,0,17,13921.0,297,148,149,149,0,15,23852.0,127,63,64,64,0,11,10232.0,197,98,99,99,0,14,12840.0,229,114,115,115,0,14,12695.0,695,347,348,348,0,17,51720.0,267,133,134,134,0,15,18826.0,529,264,265,265,0,21,39106.0
15400,231,115,116,116,0,14,14708.0,513,256,257,257,0,18,41423.0,89.0,44.0,45.0,45,0,15.0,6659.0,489,244,245,245,0,20,39447.0,521,260,261,261,0,18,37759.0,489,244,245,245,0,18,36592.0,95,47,48,48,0,12,5621.0,43,21,22,22,0,10,2545.0,187,93,94,94,0,16,10964.0,593,296,297,297,0,23,48483.0,443,221,222,222,0,16,33020.0,239,119,120,120,0,19,14999.0,241,120,121,121,0,17,14524.0,303,151,152,152,0,15,24421.0,133,66,67,67,0,12,10838.0,201,100,101,101,0,14,13450.0,237,118,119,119,0,15,13315.0,707,353,354,354,0,17,52265.0,273,136,137,137,0,16,19450.0,173,86,87,87,0,16,11120.0
15500,239,119,120,120,0,14,15307.0,521,260,261,261,0,19,42045.0,93.0,46.0,47.0,47,0,15.0,7277.0,495,247,248,248,0,20,40031.0,531,265,266,266,0,18,38387.0,491,245,246,246,0,18,37168.0,99,49,50,50,0,12,6223.0,15,7,8,8,0,5,834.0,201,100,101,101,0,16,11585.0,171,85,86,86,0,16,11736.0,453,226,227,227,0,16,33621.0,247,123,124,124,0,19,15620.0,247,123,124,124,0,17,15182.0,309,154,155,155,0,15,25034.0,145,72,73,73,0,12,11423.0,217,108,109,109,0,14,14046.0,241,120,121,121,0,15,13929.0,713,356,357,357,0,17,52876.0,277,138,139,139,0,16,20053.0,189,94,95,95,0,16,11703.0
15600,245,122,123,123,0,15,15920.0,527,263,264,264,0,19,42661.0,103.0,51.0,52.0,52,0,16.0,7929.0,503,251,252,252,0,20,40574.0,539,269,270,270,0,18,38976.0,503,251,252,252,0,19,37804.0,113,56,57,57,0,13,6786.0,25,12,13,13,0,7,1432.0,213,106,107,107,0,16,12174.0,179,89,90,90,0,16,12351.0,463,231,232,232,0,16,34215.0,251,125,126,126,0,19,16205.0,247,123,124,124,0,17,15769.0,315,157,158,158,0,15,25648.0,11,5,6,6,0,4,800.0,227,113,114,114,0,14,14695.0,251,125,126,126,0,15,14509.0,717,358,359,359,0,17,53462.0,283,141,142,142,0,16,20623.0,195,97,98,98,0,16,12330.0
