Unnamed: 0,n_nodes_000,n_branches_000,n_leaves_000,n_active_leaves_000,n_inactive_leaves_000,height_000,total_observed_weight_000,n_nodes_001,n_branches_001,n_leaves_001,n_active_leaves_001,n_inactive_leaves_001,height_001,total_observed_weight_001,n_nodes_002,n_branches_002,n_leaves_002,n_active_leaves_002,n_inactive_leaves_002,height_002,total_observed_weight_002,n_nodes_003,n_branches_003,n_leaves_003,n_active_leaves_003,n_inactive_leaves_003,height_003,total_observed_weight_003,n_nodes_004,n_branches_004,n_leaves_004,n_active_leaves_004,n_inactive_leaves_004,height_004,total_observed_weight_004,n_nodes_005,n_branches_005,n_leaves_005,n_active_leaves_005,n_inactive_leaves_005,height_005,total_observed_weight_005,n_nodes_006,n_branches_006,n_leaves_006,n_active_leaves_006,n_inactive_leaves_006,height_006,total_observed_weight_006,n_nodes_007,n_branches_007,n_leaves_007,n_active_leaves_007,n_inactive_leaves_007,height_007,total_observed_weight_007,n_nodes_008,n_branches_008,n_leaves_008,n_active_leaves_008,n_inactive_leaves_008,height_008,total_observed_weight_008,n_nodes_009,n_branches_009,n_leaves_009,n_active_leaves_009,n_inactive_leaves_009,height_009,total_observed_weight_009,n_nodes_010,n_branches_010,n_leaves_010,n_active_leaves_010,n_inactive_leaves_010,height_010,total_observed_weight_010,n_nodes_011,n_branches_011,n_leaves_011,n_active_leaves_011,n_inactive_leaves_011,height_011,total_observed_weight_011,n_nodes_012,n_branches_012,n_leaves_012,n_active_leaves_012,n_inactive_leaves_012,height_012,total_observed_weight_012,n_nodes_013,n_branches_013,n_leaves_013,n_active_leaves_013,n_inactive_leaves_013,height_013,total_observed_weight_013,n_nodes_014,n_branches_014,n_leaves_014,n_active_leaves_014,n_inactive_leaves_014,height_014,total_observed_weight_014,n_nodes_015,n_branches_015,n_leaves_015,n_active_leaves_015,n_inactive_leaves_015,height_015,total_observed_weight_015,n_nodes_016,n_branches_016,n_leaves_016,n_active_leaves_016,n_inactive_leaves_016,height_016,total_observed_weight_016,n_nodes_017,n_branches_017,n_leaves_017,n_active_leaves_017,n_inactive_leaves_017,height_017,total_observed_weight_017,n_nodes_018,n_branches_018,n_leaves_018,n_active_leaves_018,n_inactive_leaves_018,height_018,total_observed_weight_018,n_nodes_019,n_branches_019,n_leaves_019,n_active_leaves_019,n_inactive_leaves_019,height_019,total_observed_weight_019
100.0,1.4,0.2,1.2,1.2,0.0,1.2,50.8,2.6,0.8,1.8,1.8,0.0,1.8,53.8,1.4,0.2,1.2,1.2,0.0,1.2,43.0,1.8,0.4,1.4,1.4,0.0,1.4,49.2,1.8,0.4,1.4,1.4,0.0,1.4,42.4,1.4,0.2,1.2,1.2,0.0,1.2,47.8,1.8,0.4,1.4,1.4,0.0,1.4,47.0,2.2,0.6,1.6,1.6,0.0,1.6,50.8,1.8,0.4,1.4,1.4,0.0,1.4,49.0,1.8,0.4,1.4,1.4,0.0,1.4,51.2,2.2,0.6,1.6,1.6,0.0,1.6,53.0,2.2,0.6,1.6,1.6,0.0,1.6,52.2,1.0,0.0,1.0,1.0,0.0,1.0,45.6,2.6,0.8,1.8,1.8,0.0,1.8,52.6,2.2,0.6,1.6,1.6,0.0,1.6,53.4,1.0,0.0,1.0,1.0,0.0,1.0,47.4,1.4,0.2,1.2,1.2,0.0,1.2,49.4,3.0,1.0,2.0,2.0,0.0,2.0,55.8,1.8,0.4,1.4,1.4,0.0,1.4,48.6,1.4,0.2,1.2,1.2,0.0,1.2,49.8
200.0,2.2,0.6,1.6,1.6,0.0,1.6,98.8,3.0,1.0,2.0,2.0,0.0,2.0,104.8,3.0,1.0,2.0,2.0,0.0,2.0,93.8,3.0,1.0,2.0,2.0,0.0,2.0,97.2,3.0,1.0,2.0,2.0,0.0,2.0,95.4,2.6,0.8,1.8,1.8,0.0,1.8,97.6,2.6,0.8,1.8,1.8,0.0,1.8,94.4,3.0,1.0,2.0,2.0,0.0,2.0,92.4,2.2,0.6,1.6,1.6,0.0,1.6,103.8,3.0,1.0,2.0,2.0,0.0,2.0,102.6,3.0,1.0,2.0,2.0,0.0,2.0,104.8,3.0,1.0,2.0,2.0,0.0,2.0,101.6,2.6,0.8,1.8,1.8,0.0,1.8,99.8,2.6,0.8,1.8,1.8,0.0,1.8,99.8,2.2,0.6,1.6,1.6,0.0,1.6,102.4,2.6,0.8,1.8,1.8,0.0,1.8,94.2,3.0,1.0,2.0,2.0,0.0,2.0,99.4,3.0,1.0,2.0,2.0,0.0,2.0,107.0,3.0,1.0,2.0,2.0,0.0,2.0,102.6,2.6,0.8,1.8,1.8,0.0,1.8,98.0
300.0,3.0,1.0,2.0,2.0,0.0,2.0,144.8,3.8,1.4,2.4,2.4,0.0,2.4,153.0,3.4,1.2,2.2,2.2,0.0,2.2,140.8,2.6,0.8,1.8,1.8,0.0,1.8,128.2,3.0,1.0,2.0,2.0,0.0,2.0,147.4,3.8,1.4,2.4,2.4,0.0,2.4,148.8,3.0,1.0,2.0,2.0,0.0,2.0,144.4,3.0,1.0,2.0,2.0,0.0,2.0,144.6,3.0,1.0,2.0,2.0,0.0,2.0,153.6,3.4,1.2,2.2,2.2,0.0,2.2,141.4,3.0,1.0,2.0,2.0,0.0,2.0,151.8,2.6,0.8,1.8,1.8,0.0,1.8,134.4,2.6,0.8,1.8,1.8,0.0,1.8,148.0,3.0,1.0,2.0,2.0,0.0,2.0,151.2,3.4,1.2,2.2,2.2,0.0,2.2,149.8,3.4,1.2,2.2,2.2,0.0,2.2,143.0,3.0,1.0,2.0,2.0,0.0,2.0,150.2,3.0,1.0,2.0,2.0,0.0,2.0,152.0,3.0,1.0,2.0,2.0,0.0,2.0,147.2,3.4,1.2,2.2,2.2,0.0,2.2,147.4
400.0,3.8,1.4,2.4,2.4,0.0,2.4,196.4,4.2,1.6,2.6,2.6,0.0,2.6,203.0,3.8,1.4,2.4,2.4,0.0,2.4,188.0,3.0,1.0,2.0,2.0,0.0,2.0,174.6,3.4,1.2,2.2,2.2,0.0,2.2,196.6,4.2,1.6,2.6,2.6,0.0,2.4,196.2,3.0,1.0,2.0,2.0,0.0,2.0,194.4,3.4,1.2,2.2,2.2,0.0,2.2,192.4,3.4,1.2,2.2,2.2,0.0,2.2,206.8,4.2,1.6,2.6,2.6,0.0,2.6,193.0,3.4,1.2,2.2,2.2,0.0,2.2,199.6,3.4,1.2,2.2,2.2,0.0,2.2,184.2,3.0,1.0,2.0,2.0,0.0,2.0,198.8,3.8,1.4,2.4,2.4,0.0,2.4,202.2,3.8,1.4,2.4,2.4,0.0,2.4,200.6,3.8,1.4,2.4,2.4,0.0,2.4,191.2,3.4,1.2,2.2,2.2,0.0,2.2,201.0,3.8,1.4,2.4,2.4,0.0,2.4,201.8,4.2,1.6,2.6,2.6,0.0,2.6,196.6,3.8,1.4,2.4,2.4,0.0,2.2,198.8
500.0,4.6,1.8,2.8,2.8,0.0,2.8,246.2,4.6,1.8,2.8,2.8,0.0,2.6,254.0,4.2,1.6,2.6,2.6,0.0,2.6,236.0,3.8,1.4,2.4,2.4,0.0,2.4,226.8,4.6,1.8,2.8,2.8,0.0,2.6,247.0,5.0,2.0,3.0,3.0,0.0,2.8,249.0,4.2,1.6,2.6,2.6,0.0,2.4,243.0,4.2,1.6,2.6,2.6,0.0,2.4,239.2,3.8,1.4,2.4,2.4,0.0,2.4,254.0,4.6,1.8,2.8,2.8,0.0,2.8,241.0,3.4,1.2,2.2,2.2,0.0,2.2,248.6,3.8,1.4,2.4,2.4,0.0,2.4,234.6,3.0,1.0,2.0,2.0,0.0,2.0,249.4,5.0,2.0,3.0,3.0,0.0,2.8,251.6,4.2,1.6,2.6,2.6,0.0,2.6,249.6,4.2,1.6,2.6,2.6,0.0,2.4,239.0,5.0,2.0,3.0,3.0,0.0,2.6,255.2,5.4,2.2,3.2,3.2,0.0,3.0,250.0,4.2,1.6,2.6,2.6,0.0,2.6,246.6,4.2,1.6,2.6,2.6,0.0,2.4,250.8
600.0,4.6,1.8,2.8,2.8,0.0,2.8,293.8,5.4,2.2,3.2,3.2,0.0,2.8,305.8,5.0,2.0,3.0,3.0,0.0,2.8,284.4,4.2,1.6,2.6,2.6,0.0,2.4,272.6,5.8,2.4,3.4,3.4,0.0,2.8,297.0,5.4,2.2,3.2,3.2,0.0,3.0,300.4,4.6,1.8,2.8,2.8,0.0,2.6,284.8,4.6,1.8,2.8,2.8,0.0,2.6,285.8,3.8,1.4,2.4,2.4,0.0,2.4,304.4,4.6,1.8,2.8,2.8,0.0,2.8,286.2,3.4,1.2,2.2,2.2,0.0,2.2,298.0,3.8,1.4,2.4,2.4,0.0,2.4,283.6,4.2,1.6,2.6,2.6,0.0,2.4,299.2,5.4,2.2,3.2,3.2,0.0,3.0,303.2,5.0,2.0,3.0,3.0,0.0,3.0,302.0,5.4,2.2,3.2,3.2,0.0,3.0,290.4,5.8,2.4,3.4,3.4,0.0,2.8,306.6,5.4,2.2,3.2,3.2,0.0,3.0,300.8,5.4,2.2,3.2,3.2,0.0,3.0,300.0,5.8,2.4,3.4,3.4,0.0,3.0,300.8
700.0,5.4,2.2,3.2,3.2,0.0,3.0,340.6,5.8,2.4,3.4,3.4,0.0,3.0,357.2,5.4,2.2,3.2,3.2,0.0,2.8,340.0,4.2,1.6,2.6,2.6,0.0,2.4,322.6,6.2,2.6,3.6,3.6,0.0,3.0,347.8,6.6,2.8,3.8,3.8,0.0,3.2,348.8,5.0,2.0,3.0,3.0,0.0,2.6,335.0,4.6,1.8,2.8,2.8,0.0,2.6,336.6,4.6,1.8,2.8,2.8,0.0,2.6,353.8,5.0,2.0,3.0,3.0,0.0,3.0,335.6,4.2,1.6,2.6,2.6,0.0,2.6,345.6,4.6,1.8,2.8,2.8,0.0,2.8,338.2,4.2,1.6,2.6,2.6,0.0,2.4,348.8,5.8,2.4,3.4,3.4,0.0,3.2,354.0,5.0,2.0,3.0,3.0,0.0,3.0,349.0,5.8,2.4,3.4,3.4,0.0,3.0,342.8,6.2,2.6,3.6,3.6,0.0,2.8,354.2,5.8,2.4,3.4,3.4,0.0,3.0,348.8,6.2,2.6,3.6,3.6,0.0,3.2,347.8,5.8,2.4,3.4,3.4,0.0,3.0,352.6
800.0,5.8,2.4,3.4,3.4,0.0,3.2,393.0,6.6,2.8,3.8,3.8,0.0,3.2,409.2,5.4,2.2,3.2,3.2,0.0,2.8,388.8,5.0,2.0,3.0,3.0,0.0,2.8,374.0,7.0,3.0,4.0,4.0,0.0,3.2,399.2,7.0,3.0,4.0,4.0,0.0,3.2,400.6,6.2,2.6,3.6,3.6,0.0,3.0,386.4,5.4,2.2,3.2,3.2,0.0,3.0,387.6,5.0,2.0,3.0,3.0,0.0,2.6,403.6,5.8,2.4,3.4,3.4,0.0,3.4,387.2,5.4,2.2,3.2,3.2,0.0,3.0,398.8,4.6,1.8,2.8,2.8,0.0,2.8,387.0,4.6,1.8,2.8,2.8,0.0,2.6,400.0,5.4,2.2,3.2,3.2,0.0,2.8,329.2,5.8,2.4,3.4,3.4,0.0,3.4,401.8,6.2,2.6,3.6,3.6,0.0,3.2,388.2,6.6,2.8,3.8,3.8,0.0,3.0,404.6,6.2,2.6,3.6,3.6,0.0,3.0,395.0,6.2,2.6,3.6,3.6,0.0,3.2,396.4,6.6,2.8,3.8,3.8,0.0,3.0,402.6
900.0,6.2,2.6,3.6,3.6,0.0,3.4,444.4,7.0,3.0,4.0,4.0,0.0,3.2,457.8,6.2,2.6,3.6,3.6,0.0,3.0,439.2,5.0,2.0,3.0,3.0,0.0,2.6,341.8,7.0,3.0,4.0,4.0,0.0,3.2,449.2,7.4,3.2,4.2,4.2,0.0,3.4,447.6,6.2,2.6,3.6,3.6,0.0,3.0,434.0,6.2,2.6,3.6,3.6,0.0,3.0,436.0,5.4,2.2,3.2,3.2,0.0,2.8,456.6,6.2,2.6,3.6,3.6,0.0,3.4,438.8,5.8,2.4,3.4,3.4,0.0,3.0,447.8,4.6,1.8,2.8,2.8,0.0,2.8,436.4,5.0,2.0,3.0,3.0,0.0,2.8,449.2,6.2,2.6,3.6,3.6,0.0,3.0,378.6,5.8,2.4,3.4,3.4,0.0,3.4,447.8,6.6,2.8,3.8,3.8,0.0,3.2,435.0,6.6,2.8,3.8,3.8,0.0,3.0,454.6,7.0,3.0,4.0,4.0,0.0,3.2,447.4,6.6,2.8,3.8,3.8,0.0,3.4,446.2,7.0,3.0,4.0,4.0,0.0,3.0,454.6
1000.0,6.6,2.8,3.8,3.8,0.0,3.4,491.4,7.0,3.0,4.0,4.0,0.0,3.2,510.4,6.2,2.6,3.6,3.6,0.0,3.0,487.2,5.4,2.2,3.2,3.2,0.0,2.8,393.0,7.0,3.0,4.0,4.0,0.0,3.2,499.6,7.4,3.2,4.2,4.2,0.0,3.4,493.4,7.0,3.0,4.0,4.0,0.0,3.2,482.0,7.0,3.0,4.0,4.0,0.0,3.2,487.2,6.2,2.6,3.6,3.6,0.0,3.0,508.0,6.2,2.6,3.6,3.6,0.0,3.4,489.6,5.8,2.4,3.4,3.4,0.0,3.0,499.0,5.0,2.0,3.0,3.0,0.0,3.0,488.8,5.4,2.2,3.2,3.2,0.0,3.0,498.4,7.0,3.0,4.0,4.0,0.0,3.2,433.0,5.8,2.4,3.4,3.4,0.0,3.4,499.2,6.6,2.8,3.8,3.8,0.0,3.2,487.6,7.4,3.2,4.2,4.2,0.0,3.4,505.6,7.0,3.0,4.0,4.0,0.0,3.2,501.0,7.0,3.0,4.0,4.0,0.0,3.4,496.0,7.8,3.4,4.4,4.4,0.0,3.2,503.2
1100.0,7.0,3.0,4.0,4.0,0.0,3.4,545.2,7.0,3.0,4.0,4.0,0.0,3.2,559.8,7.0,3.0,4.0,4.0,0.0,3.2,539.0,5.4,2.2,3.2,3.2,0.0,2.8,440.8,7.0,3.0,4.0,4.0,0.0,3.2,551.8,7.4,3.2,4.2,4.2,0.0,3.4,544.4,7.0,3.0,4.0,4.0,0.0,3.2,536.2,7.4,3.2,4.2,4.2,0.0,3.2,538.2,6.6,2.8,3.8,3.8,0.0,3.2,559.2,6.6,2.8,3.8,3.8,0.0,3.6,539.4,6.2,2.6,3.6,3.6,0.0,3.2,549.4,5.8,2.4,3.4,3.4,0.0,3.0,540.6,5.8,2.4,3.4,3.4,0.0,3.0,549.2,8.2,3.6,4.6,4.6,0.0,3.6,484.0,5.4,2.2,3.2,3.2,0.0,3.2,491.6,7.0,3.0,4.0,4.0,0.0,3.2,536.6,7.4,3.2,4.2,4.2,0.0,3.4,553.8,7.4,3.2,4.2,4.2,0.0,3.4,549.4,7.4,3.2,4.2,4.2,0.0,3.6,544.0,7.8,3.4,4.4,4.4,0.0,3.2,552.2
1200.0,7.8,3.4,4.4,4.4,0.0,3.8,596.4,7.0,3.0,4.0,4.0,0.0,3.2,609.4,7.4,3.2,4.2,4.2,0.0,3.2,590.2,5.8,2.4,3.4,3.4,0.0,3.0,493.0,7.4,3.2,4.2,4.2,0.0,3.4,588.8,7.4,3.2,4.2,4.2,0.0,3.4,593.0,7.0,3.0,4.0,4.0,0.0,3.2,589.2,7.4,3.2,4.2,4.2,0.0,3.2,588.4,7.0,3.0,4.0,4.0,0.0,3.2,608.6,8.6,3.8,4.8,4.8,0.0,3.8,587.2,6.2,2.6,3.6,3.6,0.0,3.2,604.8,5.8,2.4,3.4,3.4,0.0,3.0,593.6,5.8,2.4,3.4,3.4,0.0,3.0,596.0,8.2,3.6,4.6,4.6,0.0,3.6,536.8,6.6,2.8,3.8,3.8,0.0,3.6,541.2,7.0,3.0,4.0,4.0,0.0,3.2,588.6,7.4,3.2,4.2,4.2,0.0,3.4,603.8,8.2,3.6,4.6,4.6,0.0,3.8,595.6,7.4,3.2,4.2,4.2,0.0,3.6,593.4,7.8,3.4,4.4,4.4,0.0,3.2,602.0
1300.0,8.6,3.8,4.8,4.8,0.0,3.8,646.4,7.4,3.2,4.2,4.2,0.0,3.4,657.0,7.4,3.2,4.2,4.2,0.0,3.2,641.6,6.6,2.8,3.8,3.8,0.0,3.0,545.6,7.4,3.2,4.2,4.2,0.0,3.4,634.4,8.2,3.6,4.6,4.6,0.0,3.4,641.6,7.0,3.0,4.0,4.0,0.0,3.2,636.6,7.4,3.2,4.2,4.2,0.0,3.2,636.0,7.0,3.0,4.0,4.0,0.0,3.2,659.6,9.0,4.0,5.0,5.0,0.0,3.8,633.6,6.2,2.6,3.6,3.6,0.0,3.2,655.8,5.8,2.4,3.4,3.4,0.0,3.0,649.0,5.8,2.4,3.4,3.4,0.0,3.0,650.4,8.2,3.6,4.6,4.6,0.0,3.6,583.2,7.0,3.0,4.0,4.0,0.0,3.6,596.6,7.4,3.2,4.2,4.2,0.0,3.2,635.8,7.8,3.4,4.4,4.4,0.0,3.6,657.6,8.2,3.6,4.6,4.6,0.0,3.8,641.6,7.8,3.4,4.4,4.4,0.0,3.6,642.4,8.2,3.6,4.6,4.6,0.0,3.4,653.0
1400.0,8.6,3.8,4.8,4.8,0.0,3.8,697.4,7.4,3.2,4.2,4.2,0.0,3.4,701.4,7.8,3.4,4.4,4.4,0.0,3.2,694.2,6.6,2.8,3.8,3.8,0.0,3.0,595.0,8.2,3.6,4.6,4.6,0.0,3.4,685.6,9.8,4.4,5.4,5.4,0.0,3.8,686.6,7.0,3.0,4.0,4.0,0.0,3.2,688.0,8.6,3.8,4.8,4.8,0.0,3.8,685.0,7.4,3.2,4.2,4.2,0.0,3.4,712.2,9.0,4.0,5.0,5.0,0.0,3.8,684.6,6.6,2.8,3.8,3.8,0.0,3.2,705.4,5.8,2.4,3.4,3.4,0.0,3.0,700.8,5.8,2.4,3.4,3.4,0.0,3.0,699.8,8.2,3.6,4.6,4.6,0.0,3.6,637.6,7.0,3.0,4.0,4.0,0.0,3.6,646.4,7.8,3.4,4.4,4.4,0.0,3.4,685.2,9.4,4.2,5.2,5.2,0.0,4.0,703.4,8.2,3.6,4.6,4.6,0.0,3.8,694.2,8.6,3.8,4.8,4.8,0.0,3.8,697.6,8.2,3.6,4.6,4.6,0.0,3.4,705.4
1500.0,9.0,4.0,5.0,5.0,0.0,3.8,746.2,8.2,3.6,4.6,4.6,0.0,3.6,752.4,7.8,3.4,4.4,4.4,0.0,3.2,743.0,6.6,2.8,3.8,3.8,0.0,3.0,644.2,8.2,3.6,4.6,4.6,0.0,3.4,740.0,9.8,4.4,5.4,5.4,0.0,3.8,738.2,8.2,3.6,4.6,4.6,0.0,3.6,737.4,8.6,3.8,4.8,4.8,0.0,3.8,734.4,7.4,3.2,4.2,4.2,0.0,3.4,763.0,9.0,4.0,5.0,5.0,0.0,3.8,732.0,6.6,2.8,3.8,3.8,0.0,3.2,757.4,6.2,2.6,3.6,3.6,0.0,3.2,752.8,6.2,2.6,3.6,3.6,0.0,3.2,748.6,8.2,3.6,4.6,4.6,0.0,3.6,687.8,7.4,3.2,4.2,4.2,0.0,3.6,699.4,8.2,3.6,4.6,4.6,0.0,3.6,732.4,9.8,4.4,5.4,5.4,0.0,4.0,751.0,8.2,3.6,4.6,4.6,0.0,3.8,743.6,8.6,3.8,4.8,4.8,0.0,3.8,749.2,8.2,3.6,4.6,4.6,0.0,3.4,752.2
1600.0,9.4,4.2,5.2,5.2,0.0,3.8,797.8,8.2,3.6,4.6,4.6,0.0,3.6,800.6,8.2,3.6,4.6,4.6,0.0,3.4,793.0,7.0,3.0,4.0,4.0,0.0,3.2,693.0,8.6,3.8,4.8,4.8,0.0,3.6,795.2,9.8,4.4,5.4,5.4,0.0,3.8,790.2,9.0,4.0,5.0,5.0,0.0,3.6,790.2,10.2,4.6,5.6,5.6,0.0,4.0,785.0,7.8,3.4,4.4,4.4,0.0,3.6,814.0,9.0,4.0,5.0,5.0,0.0,3.8,776.8,7.0,3.0,4.0,4.0,0.0,3.4,805.6,6.6,2.8,3.8,3.8,0.0,3.4,805.6,7.0,3.0,4.0,4.0,0.0,3.4,794.0,8.6,3.8,4.8,4.8,0.0,3.6,737.0,7.8,3.4,4.4,4.4,0.0,3.8,751.6,8.2,3.6,4.6,4.6,0.0,3.6,782.2,9.8,4.4,5.4,5.4,0.0,4.0,803.8,9.0,4.0,5.0,5.0,0.0,4.0,798.0,9.0,4.0,5.0,5.0,0.0,4.0,798.2,8.6,3.8,4.8,4.8,0.0,3.4,798.2
1700.0,9.4,4.2,5.2,5.2,0.0,3.8,847.2,8.2,3.6,4.6,4.6,0.0,3.6,847.6,9.0,4.0,5.0,5.0,0.0,3.6,842.0,7.0,3.0,4.0,4.0,0.0,3.2,742.0,8.6,3.8,4.8,4.8,0.0,3.6,842.0,9.8,4.4,5.4,5.4,0.0,3.8,840.8,9.0,4.0,5.0,5.0,0.0,3.6,838.8,10.2,4.6,5.6,5.6,0.0,4.0,833.8,8.2,3.6,4.6,4.6,0.0,3.8,862.0,9.0,4.0,5.0,5.0,0.0,3.8,826.2,7.4,3.2,4.2,4.2,0.0,3.6,858.8,6.6,2.8,3.8,3.8,0.0,3.4,853.4,7.4,3.2,4.2,4.2,0.0,3.4,845.6,9.0,4.0,5.0,5.0,0.0,3.6,788.4,8.2,3.6,4.6,4.6,0.0,4.0,799.0,8.2,3.6,4.6,4.6,0.0,3.6,831.2,10.2,4.6,5.6,5.6,0.0,4.0,853.6,9.4,4.2,5.2,5.2,0.0,4.2,846.6,9.0,4.0,5.0,5.0,0.0,4.0,847.8,8.6,3.8,4.8,4.8,0.0,3.4,846.4
1800.0,9.4,4.2,5.2,5.2,0.0,3.8,897.2,8.2,3.6,4.6,4.6,0.0,3.6,896.8,9.4,4.2,5.2,5.2,0.0,3.8,895.4,7.4,3.2,4.2,4.2,0.0,3.4,791.6,10.2,4.6,5.6,5.6,0.0,4.0,892.2,9.8,4.4,5.4,5.4,0.0,3.8,889.6,9.4,4.2,5.2,5.2,0.0,3.8,884.8,10.2,4.6,5.6,5.6,0.0,4.0,882.8,8.2,3.6,4.6,4.6,0.0,3.8,911.6,9.0,4.0,5.0,5.0,0.0,3.8,878.2,7.8,3.4,4.4,4.4,0.0,3.6,908.2,6.6,2.8,3.8,3.8,0.0,3.4,903.4,7.4,3.2,4.2,4.2,0.0,3.4,810.0,10.2,4.6,5.6,5.6,0.0,3.8,836.8,8.6,3.8,4.8,4.8,0.0,4.0,849.8,8.2,3.6,4.6,4.6,0.0,3.6,883.0,10.6,4.8,5.8,5.8,0.0,4.0,903.6,8.2,3.6,4.6,4.6,0.0,3.6,801.2,9.4,4.2,5.2,5.2,0.0,4.2,896.4,9.0,4.0,5.0,5.0,0.0,3.6,894.8
1900.0,9.4,4.2,5.2,5.2,0.0,3.8,950.0,9.0,4.0,5.0,5.0,0.0,3.6,949.0,9.8,4.4,5.4,5.4,0.0,4.0,945.8,8.2,3.6,4.6,4.6,0.0,3.6,844.2,10.2,4.6,5.6,5.6,0.0,4.0,942.2,9.8,4.4,5.4,5.4,0.0,3.8,939.8,9.4,4.2,5.2,5.2,0.0,3.8,934.0,10.2,4.6,5.6,5.6,0.0,4.0,934.4,8.2,3.6,4.6,4.6,0.0,3.8,959.4,9.4,4.2,5.2,5.2,0.0,4.0,929.0,7.8,3.4,4.4,4.4,0.0,3.6,959.6,7.0,3.0,4.0,4.0,0.0,3.6,951.4,7.4,3.2,4.2,4.2,0.0,3.4,859.8,10.6,4.8,5.8,5.8,0.0,3.8,883.8,8.6,3.8,4.8,4.8,0.0,4.0,901.0,8.6,3.8,4.8,4.8,0.0,3.8,928.6,11.0,5.0,6.0,6.0,0.0,4.2,956.2,8.2,3.6,4.6,4.6,0.0,3.6,850.8,9.4,4.2,5.2,5.2,0.0,4.2,947.4,9.0,4.0,5.0,5.0,0.0,3.6,941.4
2000.0,9.8,4.4,5.4,5.4,0.0,4.0,997.0,9.4,4.2,5.2,5.2,0.0,3.6,997.6,10.2,4.6,5.6,5.6,0.0,4.2,994.2,8.6,3.8,4.8,4.8,0.0,3.8,893.0,11.0,5.0,6.0,6.0,0.0,4.0,994.4,9.8,4.4,5.4,5.4,0.0,3.8,991.6,9.8,4.4,5.4,5.4,0.0,4.0,982.0,10.2,4.6,5.6,5.6,0.0,4.0,986.4,8.6,3.8,4.8,4.8,0.0,3.8,1007.6,9.8,4.4,5.4,5.4,0.0,4.0,980.0,7.8,3.4,4.4,4.4,0.0,3.6,1010.2,7.8,3.4,4.4,4.4,0.0,3.8,1002.4,8.6,3.8,4.8,4.8,0.0,4.0,913.2,10.6,4.8,5.8,5.8,0.0,3.8,929.8,9.4,4.2,5.2,5.2,0.0,4.0,951.2,9.0,4.0,5.0,5.0,0.0,3.8,981.0,11.0,5.0,6.0,6.0,0.0,4.2,1007.0,9.4,4.2,5.2,5.2,0.0,4.0,899.4,9.4,4.2,5.2,5.2,0.0,4.2,1004.6,9.4,4.2,5.2,5.2,0.0,3.6,992.8
2100.0,10.6,4.8,5.8,5.8,0.0,4.0,1045.4,9.8,4.4,5.4,5.4,0.0,3.6,1048.0,10.2,4.6,5.6,5.6,0.0,4.2,1047.6,8.6,3.8,4.8,4.8,0.0,3.8,940.6,11.0,5.0,6.0,6.0,0.0,4.0,1045.0,10.2,4.6,5.6,5.6,0.0,4.0,1040.2,9.8,4.4,5.4,5.4,0.0,4.0,1032.8,10.2,4.6,5.6,5.6,0.0,4.0,1035.0,8.6,3.8,4.8,4.8,0.0,3.8,1059.8,9.8,4.4,5.4,5.4,0.0,4.0,1032.4,7.8,3.4,4.4,4.4,0.0,3.6,1060.2,7.8,3.4,4.4,4.4,0.0,3.8,1054.8,8.6,3.8,4.8,4.8,0.0,4.0,962.0,11.0,5.0,6.0,6.0,0.0,3.8,976.0,9.4,4.2,5.2,5.2,0.0,4.0,998.0,9.4,4.2,5.2,5.2,0.0,3.8,1031.8,10.6,4.8,5.8,5.8,0.0,4.0,949.4,9.4,4.2,5.2,5.2,0.0,4.0,953.4,9.8,4.4,5.4,5.4,0.0,4.2,1052.8,9.8,4.4,5.4,5.4,0.0,3.8,1043.8
2200.0,10.6,4.8,5.8,5.8,0.0,4.0,1095.6,10.2,4.6,5.6,5.6,0.0,3.8,1096.2,11.0,5.0,6.0,6.0,0.0,4.2,1098.6,8.6,3.8,4.8,4.8,0.0,3.8,990.0,11.4,5.2,6.2,6.2,0.0,4.2,1098.6,10.2,4.6,5.6,5.6,0.0,4.0,1087.2,9.8,4.4,5.4,5.4,0.0,4.0,1084.6,10.2,4.6,5.6,5.6,0.0,4.0,1084.6,9.0,4.0,5.0,5.0,0.0,3.8,1109.6,9.8,4.4,5.4,5.4,0.0,4.0,1081.8,8.2,3.6,4.6,4.6,0.0,3.8,1113.6,8.2,3.6,4.6,4.6,0.0,3.8,1107.2,8.6,3.8,4.8,4.8,0.0,4.0,1012.8,11.0,5.0,6.0,6.0,0.0,3.8,1026.8,9.8,4.4,5.4,5.4,0.0,4.0,1047.6,9.8,4.4,5.4,5.4,0.0,3.8,1083.0,10.6,4.8,5.8,5.8,0.0,4.0,1002.2,9.8,4.4,5.4,5.4,0.0,4.0,1002.2,9.8,4.4,5.4,5.4,0.0,4.2,1102.6,9.8,4.4,5.4,5.4,0.0,3.8,1091.4
2300.0,11.0,5.0,6.0,6.0,0.0,4.2,1146.6,10.6,4.8,5.8,5.8,0.0,4.0,1146.2,11.4,5.2,6.2,6.2,0.0,4.2,1149.8,9.0,4.0,5.0,5.0,0.0,4.0,1036.8,11.8,5.4,6.4,6.4,0.0,4.2,1149.4,10.2,4.6,5.6,5.6,0.0,4.0,1137.2,9.8,4.4,5.4,5.4,0.0,4.0,1132.0,10.6,4.8,5.8,5.8,0.0,4.0,1139.4,9.0,4.0,5.0,5.0,0.0,3.8,1157.6,9.8,4.4,5.4,5.4,0.0,4.0,1129.4,8.2,3.6,4.6,4.6,0.0,3.8,1162.4,8.2,3.6,4.6,4.6,0.0,3.8,1157.4,8.6,3.8,4.8,4.8,0.0,4.0,1061.4,11.4,5.2,6.2,6.2,0.0,3.8,1073.6,9.8,4.4,5.4,5.4,0.0,4.0,1098.6,10.6,4.8,5.8,5.8,0.0,3.8,1135.4,11.4,5.2,6.2,6.2,0.0,4.2,1051.6,9.8,4.4,5.4,5.4,0.0,4.0,1052.0,9.8,4.4,5.4,5.4,0.0,4.2,1153.2,10.6,4.8,5.8,5.8,0.0,4.0,1137.6
2400.0,11.0,5.0,6.0,6.0,0.0,4.2,1196.2,11.4,5.2,6.2,6.2,0.0,4.2,1191.4,12.2,5.6,6.6,6.6,0.0,4.2,1200.8,9.4,4.2,5.2,5.2,0.0,4.2,1087.6,11.8,5.4,6.4,6.4,0.0,4.2,1199.4,10.6,4.8,5.8,5.8,0.0,4.2,1188.8,10.2,4.6,5.6,5.6,0.0,4.0,1184.6,11.0,5.0,6.0,6.0,0.0,4.0,1186.2,9.4,4.2,5.2,5.2,0.0,3.8,1209.0,10.6,4.8,5.8,5.8,0.0,4.2,1176.6,9.0,4.0,5.0,5.0,0.0,3.8,1216.2,8.6,3.8,4.8,4.8,0.0,4.0,1208.4,8.6,3.8,4.8,4.8,0.0,4.0,1110.6,11.8,5.4,6.4,6.4,0.0,4.0,1118.8,9.8,4.4,5.4,5.4,0.0,4.0,1146.6,11.0,5.0,6.0,6.0,0.0,3.8,1186.2,11.4,5.2,6.2,6.2,0.0,4.2,1102.8,10.2,4.6,5.6,5.6,0.0,4.0,1099.6,10.2,4.6,5.6,5.6,0.0,4.2,1205.0,11.0,5.0,6.0,6.0,0.0,4.0,1185.8
2500.0,11.8,5.4,6.4,6.4,0.0,4.4,1247.2,11.4,5.2,6.2,6.2,0.0,4.2,1241.4,12.2,5.6,6.6,6.6,0.0,4.2,1254.4,9.8,4.4,5.4,5.4,0.0,4.2,1135.8,12.6,5.8,6.8,6.8,0.0,4.4,1250.8,10.2,4.6,5.6,5.6,0.0,4.4,1230.2,10.2,4.6,5.6,5.6,0.0,4.0,1145.8,12.6,5.8,6.8,6.8,0.0,4.2,1230.6,9.4,4.2,5.2,5.2,0.0,3.8,1260.4,11.0,5.0,6.0,6.0,0.0,4.2,1224.8,9.0,4.0,5.0,5.0,0.0,3.8,1267.2,8.6,3.8,4.8,4.8,0.0,4.0,1257.2,8.6,3.8,4.8,4.8,0.0,4.0,1164.6,11.8,5.4,6.4,6.4,0.0,4.0,1172.4,11.0,5.0,6.0,6.0,0.0,4.6,1193.6,11.4,5.2,6.2,6.2,0.0,4.0,1238.4,11.8,5.4,6.4,6.4,0.0,4.4,1152.2,10.6,4.8,5.8,5.8,0.0,4.2,1153.6,10.6,4.8,5.8,5.8,0.0,4.4,1258.2,11.4,5.2,6.2,6.2,0.0,4.0,1238.4
2600.0,12.6,5.8,6.8,6.8,0.0,4.6,1295.2,11.8,5.4,6.4,6.4,0.0,4.2,1289.2,12.2,5.6,6.6,6.6,0.0,4.2,1305.0,9.8,4.4,5.4,5.4,0.0,4.2,1185.0,12.6,5.8,6.8,6.8,0.0,4.4,1299.0,10.6,4.8,5.8,5.8,0.0,4.6,1280.6,10.6,4.8,5.8,5.8,0.0,4.0,1194.4,13.0,6.0,7.0,7.0,0.0,4.2,1284.2,9.4,4.2,5.2,5.2,0.0,3.8,1309.2,11.8,5.4,6.4,6.4,0.0,4.2,1273.2,9.4,4.2,5.2,5.2,0.0,3.8,1316.0,9.8,4.4,5.4,5.4,0.0,4.2,1307.2,9.4,4.2,5.2,5.2,0.0,4.4,1214.2,11.8,5.4,6.4,6.4,0.0,4.0,1219.6,11.4,5.2,6.2,6.2,0.0,4.8,1243.0,12.2,5.6,6.6,6.6,0.0,4.2,1290.8,12.6,5.8,6.8,6.8,0.0,4.6,1201.8,11.0,5.0,6.0,6.0,0.0,4.2,1203.0,11.0,5.0,6.0,6.0,0.0,4.4,1308.4,11.4,5.2,6.2,6.2,0.0,4.0,1289.6
2700.0,12.6,5.8,6.8,6.8,0.0,4.6,1348.2,12.2,5.6,6.6,6.6,0.0,4.2,1336.6,13.0,6.0,7.0,7.0,0.0,4.2,1353.8,10.2,4.6,5.6,5.6,0.0,4.2,1235.8,13.0,6.0,7.0,7.0,0.0,4.4,1348.2,11.0,5.0,6.0,6.0,0.0,4.6,1329.6,11.0,5.0,6.0,6.0,0.0,4.2,1239.8,13.4,6.2,7.2,7.2,0.0,4.4,1332.6,9.8,4.4,5.4,5.4,0.0,3.8,1356.6,11.8,5.4,6.4,6.4,0.0,4.2,1323.0,9.4,4.2,5.2,5.2,0.0,3.8,1365.0,10.2,4.6,5.6,5.6,0.0,4.2,1356.2,10.2,4.6,5.6,5.6,0.0,4.4,1265.8,12.2,5.6,6.6,6.6,0.0,4.0,1273.2,11.4,5.2,6.2,6.2,0.0,4.8,1295.2,12.6,5.8,6.8,6.8,0.0,4.4,1346.0,12.6,5.8,6.8,6.8,0.0,4.6,1249.4,11.4,5.2,6.2,6.2,0.0,4.2,1248.8,11.4,5.2,6.2,6.2,0.0,4.4,1362.4,12.2,5.6,6.6,6.6,0.0,4.2,1337.0
2800.0,13.0,6.0,7.0,7.0,0.0,4.6,1397.6,12.6,5.8,6.8,6.8,0.0,4.2,1385.0,13.4,6.2,7.2,7.2,0.0,4.4,1406.0,10.6,4.8,5.8,5.8,0.0,4.2,1286.4,13.0,6.0,7.0,7.0,0.0,4.4,1397.2,11.4,5.2,6.2,6.2,0.0,4.6,1375.0,11.8,5.4,6.4,6.4,0.0,4.2,1291.6,13.4,6.2,7.2,7.2,0.0,4.4,1384.0,10.2,4.6,5.6,5.6,0.0,4.0,1406.2,12.6,5.8,6.8,6.8,0.0,4.4,1374.8,9.4,4.2,5.2,5.2,0.0,3.8,1416.8,11.0,5.0,6.0,6.0,0.0,4.2,1408.0,10.6,4.8,5.8,5.8,0.0,4.6,1315.2,12.6,5.8,6.8,6.8,0.0,4.0,1322.8,12.2,5.6,6.6,6.6,0.0,4.8,1348.0,13.0,6.0,7.0,7.0,0.0,4.6,1396.8,13.0,6.0,7.0,7.0,0.0,4.6,1295.4,11.4,5.2,6.2,6.2,0.0,4.2,1302.2,11.4,5.2,6.2,6.2,0.0,4.4,1412.6,13.0,6.0,7.0,7.0,0.0,4.4,1384.4
2900.0,13.0,6.0,7.0,7.0,0.0,4.6,1443.0,12.6,5.8,6.8,6.8,0.0,4.2,1434.6,14.6,6.8,7.8,7.8,0.0,4.6,1453.4,11.0,5.0,6.0,6.0,0.0,4.4,1335.8,13.0,6.0,7.0,7.0,0.0,4.4,1448.6,12.2,5.6,6.6,6.6,0.0,4.6,1424.2,11.8,5.4,6.4,6.4,0.0,4.2,1340.6,13.8,6.4,7.4,7.4,0.0,4.4,1438.0,10.6,4.8,5.8,5.8,0.0,4.0,1454.2,13.0,6.0,7.0,7.0,0.0,4.6,1428.2,9.8,4.4,5.4,5.4,0.0,4.0,1470.2,11.8,5.4,6.4,6.4,0.0,4.4,1463.6,11.4,5.2,6.2,6.2,0.0,4.6,1365.8,12.6,5.8,6.8,6.8,0.0,4.0,1373.2,12.6,5.8,6.8,6.8,0.0,4.8,1399.4,13.0,6.0,7.0,7.0,0.0,4.6,1446.8,13.4,6.2,7.2,7.2,0.0,4.6,1343.0,11.4,5.2,6.2,6.2,0.0,4.2,1351.6,11.4,5.2,6.2,6.2,0.0,4.4,1466.8,13.4,6.2,7.2,7.2,0.0,4.4,1435.0
3000.0,13.0,6.0,7.0,7.0,0.0,4.6,1492.6,12.6,5.8,6.8,6.8,0.0,4.2,1484.2,14.6,6.8,7.8,7.8,0.0,4.6,1505.6,11.0,5.0,6.0,6.0,0.0,4.4,1387.6,13.4,6.2,7.2,7.2,0.0,4.4,1497.4,13.0,6.0,7.0,7.0,0.0,4.8,1474.2,12.2,5.6,6.6,6.6,0.0,4.2,1389.0,14.2,6.6,7.6,7.6,0.0,4.4,1488.0,10.6,4.8,5.8,5.8,0.0,4.0,1507.2,13.0,6.0,7.0,7.0,0.0,4.6,1476.4,9.8,4.4,5.4,5.4,0.0,4.0,1519.6,11.8,5.4,6.4,6.4,0.0,4.4,1514.0,12.2,5.6,6.6,6.6,0.0,4.6,1418.0,13.4,6.2,7.2,7.2,0.0,4.2,1427.0,12.6,5.8,6.8,6.8,0.0,4.8,1448.8,13.0,6.0,7.0,7.0,0.0,4.6,1500.6,13.8,6.4,7.4,7.4,0.0,4.6,1390.8,12.2,5.6,6.6,6.6,0.0,4.2,1400.0,13.4,6.2,7.2,7.2,0.0,4.6,1515.6,13.4,6.2,7.2,7.2,0.0,4.4,1482.6
3100.0,13.0,6.0,7.0,7.0,0.0,4.6,1540.0,12.6,5.8,6.8,6.8,0.0,4.2,1539.0,14.6,6.8,7.8,7.8,0.0,4.6,1558.2,11.0,5.0,6.0,6.0,0.0,4.4,1435.0,13.4,6.2,7.2,7.2,0.0,4.4,1485.4,13.0,6.0,7.0,7.0,0.0,4.8,1521.8,11.0,5.0,6.0,6.0,0.0,4.0,1183.2,14.6,6.8,7.8,7.8,0.0,4.4,1536.2,11.0,5.0,6.0,6.0,0.0,4.0,1559.2,13.4,6.2,7.2,7.2,0.0,4.8,1528.2,11.8,5.4,6.4,6.4,0.0,4.2,1560.4,10.6,4.8,5.8,5.8,0.0,4.2,1519.6,12.6,5.8,6.8,6.8,0.0,4.6,1468.0,11.8,5.4,6.4,6.4,0.0,4.0,1299.2,12.6,5.8,6.8,6.8,0.0,4.8,1496.6,13.0,6.0,7.0,7.0,0.0,4.6,1553.4,13.8,6.4,7.4,7.4,0.0,4.6,1443.4,12.6,5.8,6.8,6.8,0.0,4.4,1448.4,12.6,5.8,6.8,6.8,0.0,4.6,1533.2,13.8,6.4,7.4,7.4,0.0,4.4,1525.2
3200.0,13.0,6.0,7.0,7.0,0.0,4.6,1563.4,13.0,6.0,7.0,7.0,0.0,4.2,1524.2,14.6,6.8,7.8,7.8,0.0,4.6,1606.6,11.0,5.0,6.0,6.0,0.0,4.4,1486.8,14.2,6.6,7.6,7.6,0.0,4.4,1540.2,13.0,6.0,7.0,7.0,0.0,4.8,1573.4,11.4,5.2,6.2,6.2,0.0,4.0,1234.8,15.0,7.0,8.0,8.0,0.0,4.4,1586.8,11.0,5.0,6.0,6.0,0.0,4.0,1610.0,14.2,6.6,7.6,7.6,0.0,4.8,1579.8,11.8,5.4,6.4,6.4,0.0,4.2,1608.4,10.6,4.8,5.8,5.8,0.0,4.2,1572.4,13.0,6.0,7.0,7.0,0.0,4.6,1518.6,11.8,5.4,6.4,6.4,0.0,4.0,1347.4,12.6,5.8,6.8,6.8,0.0,4.8,1542.6,13.8,6.4,7.4,7.4,0.0,4.6,1605.0,12.2,5.6,6.6,6.6,0.0,4.4,1241.2,12.6,5.8,6.8,6.8,0.0,4.4,1495.4,13.0,6.0,7.0,7.0,0.0,4.6,1577.2,14.2,6.6,7.6,7.6,0.0,4.4,1576.0
3300.0,13.4,6.2,7.2,7.2,0.0,4.6,1612.6,13.8,6.4,7.4,7.4,0.0,4.2,1575.2,14.6,6.8,7.8,7.8,0.0,4.6,1657.0,11.4,5.2,6.2,6.2,0.0,4.6,1534.6,14.2,6.6,7.6,7.6,0.0,4.4,1587.6,14.2,6.6,7.6,7.6,0.0,5.0,1623.8,12.2,5.6,6.6,6.6,0.0,4.0,1282.8,15.0,7.0,8.0,8.0,0.0,4.4,1640.6,11.8,5.4,6.4,6.4,0.0,4.2,1661.4,12.6,5.8,6.8,6.8,0.0,4.6,1455.2,12.2,5.6,6.6,6.6,0.0,4.2,1658.4,11.0,5.0,6.0,6.0,0.0,4.2,1628.8,13.0,6.0,7.0,7.0,0.0,4.6,1570.6,11.8,5.4,6.4,6.4,0.0,4.0,1396.6,11.8,5.4,6.4,6.4,0.0,4.6,1469.6,13.8,6.4,7.4,7.4,0.0,4.6,1652.8,12.2,5.6,6.6,6.6,0.0,4.4,1287.2,12.6,5.8,6.8,6.8,0.0,4.4,1543.8,13.0,6.0,7.0,7.0,0.0,4.6,1626.8,14.2,6.6,7.6,7.6,0.0,4.4,1625.0
3400.0,14.2,6.6,7.6,7.6,0.0,4.8,1666.2,13.8,6.4,7.4,7.4,0.0,4.2,1625.6,14.6,6.8,7.8,7.8,0.0,4.6,1703.6,11.4,5.2,6.2,6.2,0.0,4.6,1586.4,14.2,6.6,7.6,7.6,0.0,4.4,1643.2,14.6,6.8,7.8,7.8,0.0,5.0,1676.2,13.0,6.0,7.0,7.0,0.0,4.2,1331.6,15.4,7.2,8.2,8.2,0.0,4.6,1692.8,11.8,5.4,6.4,6.4,0.0,4.2,1713.2,13.0,6.0,7.0,7.0,0.0,4.6,1500.2,12.2,5.6,6.6,6.6,0.0,4.2,1706.2,11.0,5.0,6.0,6.0,0.0,4.2,1678.8,13.0,6.0,7.0,7.0,0.0,4.6,1623.6,11.8,5.4,6.4,6.4,0.0,4.0,1446.4,12.2,5.6,6.6,6.6,0.0,4.6,1522.6,14.2,6.6,7.6,7.6,0.0,4.6,1702.8,12.6,5.8,6.8,6.8,0.0,4.6,1334.4,13.0,6.0,7.0,7.0,0.0,4.4,1590.6,13.4,6.2,7.2,7.2,0.0,4.6,1678.6,14.2,6.6,7.6,7.6,0.0,4.4,1671.4
3500.0,14.6,6.8,7.8,7.8,0.0,4.8,1715.0,14.2,6.6,7.6,7.6,0.0,4.4,1679.4,15.4,7.2,8.2,8.2,0.0,4.8,1753.0,11.8,5.4,6.4,6.4,0.0,4.6,1636.0,14.6,6.8,7.8,7.8,0.0,4.4,1691.8,14.6,6.8,7.8,7.8,0.0,5.0,1730.8,13.0,6.0,7.0,7.0,0.0,4.2,1381.8,15.8,7.4,8.4,8.4,0.0,4.6,1745.4,12.6,5.8,6.8,6.8,0.0,4.4,1761.8,13.0,6.0,7.0,7.0,0.0,4.6,1546.8,12.6,5.8,6.8,6.8,0.0,4.2,1755.2,11.4,5.2,6.2,6.2,0.0,4.4,1731.8,13.4,6.2,7.2,7.2,0.0,4.8,1675.8,12.2,5.6,6.6,6.6,0.0,4.0,1494.0,12.2,5.6,6.6,6.6,0.0,4.6,1575.0,14.2,6.6,7.6,7.6,0.0,4.6,1753.0,12.2,5.6,6.6,6.6,0.0,4.4,1298.4,13.0,6.0,7.0,7.0,0.0,4.4,1642.8,13.8,6.4,7.4,7.4,0.0,4.6,1727.4,15.0,7.0,8.0,8.0,0.0,4.6,1721.8
3600.0,14.6,6.8,7.8,7.8,0.0,4.8,1767.0,14.6,6.8,7.8,7.8,0.0,4.4,1729.2,15.4,7.2,8.2,8.2,0.0,4.8,1803.2,11.8,5.4,6.4,6.4,0.0,4.6,1608.4,14.6,6.8,7.8,7.8,0.0,4.4,1742.8,15.4,7.2,8.2,8.2,0.0,5.4,1779.6,13.4,6.2,7.2,7.2,0.0,4.4,1428.8,16.2,7.6,8.6,8.6,0.0,4.6,1794.0,13.0,6.0,7.0,7.0,0.0,4.4,1812.0,13.0,6.0,7.0,7.0,0.0,4.6,1511.0,13.0,6.0,7.0,7.0,0.0,4.2,1803.2,11.4,5.2,6.2,6.2,0.0,4.4,1781.2,13.4,6.2,7.2,7.2,0.0,4.8,1723.8,12.2,5.6,6.6,6.6,0.0,4.0,1543.2,9.4,4.2,5.2,5.2,0.0,3.6,1277.8,14.2,6.6,7.6,7.6,0.0,4.6,1801.6,13.0,6.0,7.0,7.0,0.0,4.4,1346.4,13.0,6.0,7.0,7.0,0.0,4.4,1690.4,14.2,6.6,7.6,7.6,0.0,4.6,1776.0,15.8,7.4,8.4,8.4,0.0,4.6,1772.4
3700.0,13.8,6.4,7.4,7.4,0.0,4.8,1727.6,14.6,6.8,7.8,7.8,0.0,4.4,1780.6,15.4,7.2,8.2,8.2,0.0,4.8,1851.6,11.8,5.4,6.4,6.4,0.0,4.6,1661.0,15.0,7.0,8.0,8.0,0.0,4.4,1791.0,15.4,7.2,8.2,8.2,0.0,5.4,1827.2,13.8,6.4,7.4,7.4,0.0,4.4,1476.2,16.6,7.8,8.8,8.8,0.0,4.6,1843.6,13.0,6.0,7.0,7.0,0.0,4.2,1625.4,13.4,6.2,7.2,7.2,0.0,4.6,1564.8,13.4,6.2,7.2,7.2,0.0,4.2,1850.0,11.8,5.4,6.4,6.4,0.0,4.4,1832.8,13.8,6.4,7.4,7.4,0.0,4.8,1775.4,12.2,5.6,6.6,6.6,0.0,4.0,1592.6,9.8,4.4,5.4,5.4,0.0,3.8,1329.6,11.0,5.0,6.0,6.0,0.0,4.2,1543.8,13.4,6.2,7.2,7.2,0.0,4.4,1394.4,13.4,6.2,7.2,7.2,0.0,4.4,1743.4,13.8,6.4,7.4,7.4,0.0,4.6,1720.6,16.2,7.6,8.6,8.6,0.0,4.6,1822.6
3800.0,13.8,6.4,7.4,7.4,0.0,4.8,1777.6,14.6,6.8,7.8,7.8,0.0,4.4,1830.4,15.4,7.2,8.2,8.2,0.0,4.8,1895.8,12.2,5.6,6.6,6.6,0.0,4.6,1708.6,13.0,6.0,7.0,7.0,0.0,4.0,1525.2,16.2,7.6,8.6,8.6,0.0,5.6,1881.4,13.8,6.4,7.4,7.4,0.0,4.4,1524.6,17.0,8.0,9.0,9.0,0.0,4.8,1892.6,13.0,6.0,7.0,7.0,0.0,4.2,1675.4,14.2,6.6,7.6,7.6,0.0,4.8,1616.0,13.8,6.4,7.4,7.4,0.0,4.4,1898.8,11.8,5.4,6.4,6.4,0.0,4.4,1881.8,15.0,7.0,8.0,8.0,0.0,5.0,1825.6,12.2,5.6,6.6,6.6,0.0,4.0,1642.0,9.8,4.4,5.4,5.4,0.0,3.8,1380.4,11.8,5.4,6.4,6.4,0.0,4.2,1594.6,13.4,6.2,7.2,7.2,0.0,4.4,1444.2,14.2,6.6,7.6,7.6,0.0,4.8,1796.4,13.8,6.4,7.4,7.4,0.0,4.6,1767.6,16.2,7.6,8.6,8.6,0.0,4.6,1874.0
3900.0,13.8,6.4,7.4,7.4,0.0,4.8,1827.0,15.0,7.0,8.0,8.0,0.0,4.4,1883.8,15.4,7.2,8.2,8.2,0.0,4.8,1947.8,12.2,5.6,6.6,6.6,0.0,4.6,1762.8,13.4,6.2,7.2,7.2,0.0,4.2,1574.0,16.6,7.8,8.8,8.8,0.0,5.6,1931.4,13.8,6.4,7.4,7.4,0.0,4.4,1575.6,14.2,6.6,7.6,7.6,0.0,4.2,1575.4,13.0,6.0,7.0,7.0,0.0,4.2,1727.0,14.2,6.6,7.6,7.6,0.0,4.8,1665.4,13.8,6.4,7.4,7.4,0.0,4.4,1947.2,9.8,4.4,5.4,5.4,0.0,3.8,1540.8,13.0,6.0,7.0,7.0,0.0,4.4,1574.2,13.0,6.0,7.0,7.0,0.0,4.2,1691.4,9.8,4.4,5.4,5.4,0.0,3.8,1429.2,12.6,5.8,6.8,6.8,0.0,4.2,1643.2,13.4,6.2,7.2,7.2,0.0,4.4,1492.2,14.2,6.6,7.6,7.6,0.0,4.8,1832.6,12.2,5.6,6.6,6.6,0.0,4.2,1497.4,16.6,7.8,8.8,8.8,0.0,4.6,1928.0
4000.0,14.6,6.8,7.8,7.8,0.0,4.8,1876.6,15.0,7.0,8.0,8.0,0.0,4.4,1930.8,13.0,6.0,7.0,7.0,0.0,4.4,1646.2,12.6,5.8,6.8,6.8,0.0,4.6,1814.6,13.8,6.4,7.4,7.4,0.0,4.2,1624.2,16.6,7.8,8.8,8.8,0.0,5.6,1982.8,13.8,6.4,7.4,7.4,0.0,4.4,1630.6,14.2,6.6,7.6,7.6,0.0,4.2,1629.8,13.8,6.4,7.4,7.4,0.0,4.4,1778.4,11.8,5.4,6.4,6.4,0.0,4.2,1359.8,13.8,6.4,7.4,7.4,0.0,4.4,1999.2,10.2,4.6,5.6,5.6,0.0,4.0,1589.2,13.0,6.0,7.0,7.0,0.0,4.4,1626.6,13.4,6.2,7.2,7.2,0.0,4.2,1741.0,9.8,4.4,5.4,5.4,0.0,3.8,1480.8,12.6,5.8,6.8,6.8,0.0,4.2,1694.4,13.4,6.2,7.2,7.2,0.0,4.4,1543.0,13.4,6.2,7.2,7.2,0.0,4.4,1579.0,12.2,5.6,6.6,6.6,0.0,4.2,1548.4,17.0,8.0,9.0,9.0,0.0,4.6,1976.4
4100.0,14.6,6.8,7.8,7.8,0.0,4.8,1927.2,15.0,7.0,8.0,8.0,0.0,4.4,1984.4,13.8,6.4,7.4,7.4,0.0,4.8,1695.6,12.6,5.8,6.8,6.8,0.0,4.6,1866.8,10.2,4.6,5.6,5.6,0.0,3.6,1311.0,13.8,6.4,7.4,7.4,0.0,4.8,1673.8,13.0,6.0,7.0,7.0,0.0,4.4,1380.2,14.2,6.6,7.6,7.6,0.0,4.2,1679.6,13.4,6.2,7.2,7.2,0.0,4.6,1515.8,12.2,5.6,6.6,6.6,0.0,4.4,1410.8,12.6,5.8,6.8,6.8,0.0,4.2,1696.8,10.6,4.8,5.8,5.8,0.0,4.0,1641.6,13.0,6.0,7.0,7.0,0.0,4.4,1678.0,14.2,6.6,7.6,7.6,0.0,4.4,1793.8,9.8,4.4,5.4,5.4,0.0,3.8,1532.4,12.6,5.8,6.8,6.8,0.0,4.2,1742.4,13.4,6.2,7.2,7.2,0.0,4.4,1588.8,13.4,6.2,7.2,7.2,0.0,4.4,1629.8,12.2,5.6,6.6,6.6,0.0,4.2,1600.2,17.0,8.0,9.0,9.0,0.0,4.6,2028.4
4200.0,15.4,7.2,8.2,8.2,0.0,5.0,1975.4,13.8,6.4,7.4,7.4,0.0,4.4,1716.6,14.2,6.6,7.6,7.6,0.0,5.0,1745.0,12.6,5.8,6.8,6.8,0.0,4.6,1910.6,10.2,4.6,5.6,5.6,0.0,3.6,1364.6,14.2,6.6,7.6,7.6,0.0,5.0,1728.4,13.0,6.0,7.0,7.0,0.0,4.4,1427.8,14.6,6.8,7.8,7.8,0.0,4.2,1728.8,13.8,6.4,7.4,7.4,0.0,4.6,1568.8,12.2,5.6,6.6,6.6,0.0,4.4,1460.0,12.6,5.8,6.8,6.8,0.0,4.2,1750.8,9.4,4.2,5.2,5.2,0.0,3.6,1338.6,11.0,5.0,6.0,6.0,0.0,4.0,1315.8,14.6,6.8,7.8,7.8,0.0,4.4,1831.2,9.8,4.4,5.4,5.4,0.0,3.8,1580.2,12.6,5.8,6.8,6.8,0.0,4.2,1792.2,13.8,6.4,7.4,7.4,0.0,4.6,1637.4,13.4,6.2,7.2,7.2,0.0,4.4,1677.8,12.2,5.6,6.6,6.6,0.0,4.2,1651.4,15.8,7.4,8.4,8.4,0.0,4.2,1753.8
4300.0,15.4,7.2,8.2,8.2,0.0,5.0,2024.2,13.8,6.4,7.4,7.4,0.0,4.4,1763.8,13.4,6.2,7.2,7.2,0.0,4.6,1710.6,13.0,6.0,7.0,7.0,0.0,4.6,1963.8,10.6,4.8,5.8,5.8,0.0,3.6,1416.2,14.2,6.6,7.6,7.6,0.0,5.0,1774.6,13.0,6.0,7.0,7.0,0.0,4.4,1472.8,12.2,5.6,6.6,6.6,0.0,3.8,1426.6,14.2,6.6,7.6,7.6,0.0,4.6,1619.6,13.4,6.2,7.2,7.2,0.0,4.6,1510.8,12.6,5.8,6.8,6.8,0.0,4.2,1799.4,10.2,4.6,5.6,5.6,0.0,3.8,1387.8,11.4,5.2,6.2,6.2,0.0,4.0,1363.2,13.8,6.4,7.4,7.4,0.0,4.2,1633.6,11.0,5.0,6.0,6.0,0.0,4.0,1629.6,11.0,5.0,6.0,6.0,0.0,3.8,1493.0,11.8,5.4,6.4,6.4,0.0,4.0,1373.2,13.4,6.2,7.2,7.2,0.0,4.4,1728.4,12.6,5.8,6.8,6.8,0.0,4.2,1701.4,15.8,7.4,8.4,8.4,0.0,4.2,1806.2
4400.0,12.2,5.6,6.6,6.6,0.0,4.2,1704.4,13.8,6.4,7.4,7.4,0.0,4.4,1811.6,13.4,6.2,7.2,7.2,0.0,4.6,1764.6,13.8,6.4,7.4,7.4,0.0,4.8,2016.2,11.4,5.2,6.2,6.2,0.0,3.8,1466.8,15.8,7.4,8.4,8.4,0.0,5.2,1826.0,13.0,6.0,7.0,7.0,0.0,4.4,1520.2,12.6,5.8,6.8,6.8,0.0,3.8,1475.6,14.6,6.8,7.8,7.8,0.0,4.6,1667.4,13.8,6.4,7.4,7.4,0.0,4.6,1559.6,12.6,5.8,6.8,6.8,0.0,4.2,1850.6,11.0,5.0,6.0,6.0,0.0,4.0,1441.6,11.8,5.4,6.4,6.4,0.0,4.0,1410.6,13.8,6.4,7.4,7.4,0.0,4.2,1656.4,9.4,4.2,5.2,5.2,0.0,3.8,1366.0,10.6,4.8,5.8,5.8,0.0,4.0,1227.2,12.2,5.6,6.6,6.6,0.0,4.2,1426.0,14.2,6.6,7.6,7.6,0.0,4.6,1780.0,13.8,6.4,7.4,7.4,0.0,4.4,1750.8,15.8,7.4,8.4,8.4,0.0,4.2,1856.4
4500.0,12.2,5.6,6.6,6.6,0.0,4.2,1755.2,13.8,6.4,7.4,7.4,0.0,4.4,1863.2,13.8,6.4,7.4,7.4,0.0,4.8,1813.2,7.4,3.2,4.2,4.2,0.0,3.4,932.8,11.4,5.2,6.2,6.2,0.0,3.8,1514.8,16.6,7.8,8.8,8.8,0.0,5.4,1874.4,13.0,6.0,7.0,7.0,0.0,4.4,1570.4,12.6,5.8,6.8,6.8,0.0,3.8,1522.6,15.4,7.2,8.2,8.2,0.0,4.6,1719.8,12.2,5.6,6.6,6.6,0.0,4.6,1587.0,13.8,6.4,7.4,7.4,0.0,4.6,1892.0,11.0,5.0,6.0,6.0,0.0,4.0,1491.4,12.2,5.6,6.6,6.6,0.0,4.2,1461.6,14.2,6.6,7.6,7.6,0.0,4.2,1706.8,9.4,4.2,5.2,5.2,0.0,3.8,1295.2,10.6,4.8,5.8,5.8,0.0,4.0,1279.4,12.2,5.6,6.6,6.6,0.0,4.4,1467.2,12.2,5.6,6.6,6.6,0.0,4.2,1463.0,11.4,5.2,6.2,6.2,0.0,4.0,1431.0,15.8,7.4,8.4,8.4,0.0,4.2,1906.8
4600.0,9.0,4.0,5.0,5.0,0.0,3.4,1376.4,13.8,6.4,7.4,7.4,0.0,4.4,1910.8,13.8,6.4,7.4,7.4,0.0,4.8,1862.8,7.8,3.4,4.4,4.4,0.0,3.6,982.2,11.4,5.2,6.2,6.2,0.0,3.8,1564.2,17.0,8.0,9.0,9.0,0.0,5.4,1922.6,13.0,6.0,7.0,7.0,0.0,4.4,1621.2,12.6,5.8,6.8,6.8,0.0,3.8,1571.6,15.8,7.4,8.4,8.4,0.0,4.6,1769.0,12.2,5.6,6.6,6.6,0.0,4.6,1635.6,14.2,6.6,7.6,7.6,0.0,4.6,1937.0,11.0,5.0,6.0,6.0,0.0,4.0,1542.0,11.4,5.2,6.2,6.2,0.0,4.0,1155.2,15.0,7.0,8.0,8.0,0.0,4.6,1760.4,10.2,4.6,5.6,5.6,0.0,4.0,1347.6,9.4,4.2,5.2,5.2,0.0,3.8,1247.2,12.2,5.6,6.6,6.6,0.0,4.4,1519.4,12.2,5.6,6.6,6.6,0.0,4.2,1512.0,11.4,5.2,6.2,6.2,0.0,4.0,1484.4,16.2,7.6,8.6,8.6,0.0,4.4,1953.4
4700.0,7.0,3.0,4.0,4.0,0.0,3.0,1052.0,10.2,4.6,5.6,5.6,0.0,3.8,1442.0,11.0,5.0,6.0,6.0,0.0,4.2,1527.0,7.8,3.4,4.4,4.4,0.0,3.6,1034.0,11.8,5.4,6.4,6.4,0.0,4.0,1611.6,11.0,5.0,6.0,6.0,0.0,4.0,1045.8,13.4,6.2,7.2,7.2,0.0,4.4,1673.4,11.8,5.4,6.4,6.4,0.0,3.6,1195.0,11.0,5.0,6.0,6.0,0.0,4.0,1280.0,11.0,5.0,6.0,6.0,0.0,4.4,1314.8,9.8,4.4,5.4,5.4,0.0,3.4,1075.6,11.4,5.2,6.2,6.2,0.0,4.0,1591.8,9.0,4.0,5.0,5.0,0.0,3.8,761.8,15.0,7.0,8.0,8.0,0.0,4.6,1808.6,7.8,3.4,4.4,4.4,0.0,3.4,982.8,7.4,3.2,4.2,4.2,0.0,3.4,855.0,12.2,5.6,6.6,6.6,0.0,4.4,1567.0,12.6,5.8,6.8,6.8,0.0,4.2,1559.6,9.4,4.2,5.2,5.2,0.0,3.4,1082.6,7.8,3.4,4.4,4.4,0.0,3.2,780.4
4800.0,7.0,3.0,4.0,4.0,0.0,3.0,1099.4,10.2,4.6,5.6,5.6,0.0,3.8,1493.0,11.0,5.0,6.0,6.0,0.0,4.2,1574.4,8.6,3.8,4.8,4.8,0.0,3.8,1083.2,11.8,5.4,6.4,6.4,0.0,4.0,1663.0,11.0,5.0,6.0,6.0,0.0,4.0,1094.0,11.0,5.0,6.0,6.0,0.0,3.8,1305.6,5.4,2.2,3.2,3.2,0.0,2.8,365.4,11.0,5.0,6.0,6.0,0.0,4.0,1334.0,11.8,5.4,6.4,6.4,0.0,4.4,1362.4,10.2,4.6,5.6,5.6,0.0,3.6,1124.2,11.4,5.2,6.2,6.2,0.0,4.0,1640.8,9.8,4.4,5.4,5.4,0.0,4.0,815.2,9.0,4.0,5.0,5.0,0.0,3.4,1219.2,8.2,3.6,4.6,4.6,0.0,3.6,1036.0,9.0,4.0,5.0,5.0,0.0,4.2,904.8,12.2,5.6,6.6,6.6,0.0,4.4,1616.0,12.6,5.8,6.8,6.8,0.0,4.2,1606.4,10.2,4.6,5.6,5.6,0.0,3.8,1132.2,7.8,3.4,4.4,4.4,0.0,3.2,828.8
4900.0,7.4,3.2,4.2,4.2,0.0,3.2,1147.6,11.0,5.0,6.0,6.0,0.0,4.0,1543.4,11.0,5.0,6.0,6.0,0.0,4.2,1625.6,8.6,3.8,4.8,4.8,0.0,3.8,1137.4,12.6,5.8,6.8,6.8,0.0,4.2,1710.2,11.0,5.0,6.0,6.0,0.0,4.0,1143.2,11.4,5.2,6.2,6.2,0.0,4.0,1354.6,5.8,2.4,3.4,3.4,0.0,3.0,413.6,11.4,5.2,6.2,6.2,0.0,4.2,1386.2,12.2,5.6,6.6,6.6,0.0,4.4,1415.0,11.0,5.0,6.0,6.0,0.0,3.8,1172.0,9.0,4.0,5.0,5.0,0.0,3.6,1270.2,9.8,4.4,5.4,5.4,0.0,4.0,861.4,9.8,4.4,5.4,5.4,0.0,3.6,1271.0,8.2,3.6,4.6,4.6,0.0,3.6,1084.8,9.0,4.0,5.0,5.0,0.0,4.2,951.4,12.2,5.6,6.6,6.6,0.0,4.4,1666.8,12.6,5.8,6.8,6.8,0.0,4.2,1656.2,10.2,4.6,5.6,5.6,0.0,3.8,1179.2,7.8,3.4,4.4,4.4,0.0,3.2,877.0
5000.0,7.4,3.2,4.2,4.2,0.0,3.2,1195.6,11.0,5.0,6.0,6.0,0.0,4.0,1593.2,11.4,5.2,6.2,6.2,0.0,4.4,1675.2,9.0,4.0,5.0,5.0,0.0,4.0,1190.0,12.6,5.8,6.8,6.8,0.0,4.2,1758.6,11.4,5.2,6.2,6.2,0.0,4.2,1196.8,9.0,4.0,5.0,5.0,0.0,3.6,926.0,5.8,2.4,3.4,3.4,0.0,3.0,463.2,11.8,5.4,6.4,6.4,0.0,4.2,1436.8,12.2,5.6,6.6,6.6,0.0,4.4,1462.8,11.4,5.2,6.2,6.2,0.0,3.8,1225.0,9.4,4.2,5.2,5.2,0.0,3.8,1323.8,10.6,4.8,5.8,5.8,0.0,4.0,914.0,11.0,5.0,6.0,6.0,0.0,4.0,1324.8,9.0,4.0,5.0,5.0,0.0,3.6,1135.6,9.0,4.0,5.0,5.0,0.0,4.2,1000.4,12.2,5.6,6.6,6.6,0.0,4.4,1718.8,9.4,4.2,5.2,5.2,0.0,3.4,1226.4,10.2,4.6,5.6,5.6,0.0,3.8,1228.6,8.2,3.6,4.6,4.6,0.0,3.4,928.0
5100.0,7.4,3.2,4.2,4.2,0.0,3.2,1246.0,11.4,5.2,6.2,6.2,0.0,4.0,1639.6,11.4,5.2,6.2,6.2,0.0,4.4,1726.6,9.4,4.2,5.2,5.2,0.0,4.0,1240.2,9.8,4.4,5.4,5.4,0.0,3.6,1361.6,11.4,5.2,6.2,6.2,0.0,4.2,1244.4,9.4,4.2,5.2,5.2,0.0,3.8,975.6,6.2,2.6,3.6,3.6,0.0,3.0,512.4,12.2,5.6,6.6,6.6,0.0,4.2,1488.2,12.2,5.6,6.6,6.6,0.0,4.4,1510.4,12.2,5.6,6.6,6.6,0.0,4.0,1271.4,9.8,4.4,5.4,5.4,0.0,3.8,1371.4,10.6,4.8,5.8,5.8,0.0,4.0,959.8,11.8,5.4,6.4,6.4,0.0,4.0,1373.6,9.0,4.0,5.0,5.0,0.0,3.6,1190.0,9.0,4.0,5.0,5.0,0.0,4.2,1048.0,12.6,5.8,6.8,6.8,0.0,4.4,1771.0,9.4,4.2,5.2,5.2,0.0,3.4,1274.4,10.2,4.6,5.6,5.6,0.0,3.8,1279.4,8.6,3.8,4.8,4.8,0.0,3.4,977.0
5200.0,7.8,3.4,4.4,4.4,0.0,3.4,1294.4,11.4,5.2,6.2,6.2,0.0,4.0,1686.6,11.4,5.2,6.2,6.2,0.0,4.4,1776.8,9.4,4.2,5.2,5.2,0.0,4.0,1292.0,10.2,4.6,5.6,5.6,0.0,3.8,1411.6,11.8,5.4,6.4,6.4,0.0,4.4,1294.6,9.8,4.4,5.4,5.4,0.0,3.8,1027.0,6.6,2.8,3.8,3.8,0.0,3.0,564.4,12.2,5.6,6.6,6.6,0.0,4.2,1541.0,12.6,5.8,6.8,6.8,0.0,4.4,1561.8,13.0,6.0,7.0,7.0,0.0,4.2,1324.2,9.8,4.4,5.4,5.4,0.0,3.8,1423.6,11.0,5.0,6.0,6.0,0.0,4.2,1013.4,11.8,5.4,6.4,6.4,0.0,4.0,1424.0,9.4,4.2,5.2,5.2,0.0,3.6,1239.2,9.0,4.0,5.0,5.0,0.0,4.2,1099.8,13.0,6.0,7.0,7.0,0.0,4.6,1823.2,9.4,4.2,5.2,5.2,0.0,3.4,1318.6,10.2,4.6,5.6,5.6,0.0,3.8,1332.6,9.0,4.0,5.0,5.0,0.0,3.4,1025.8
