n_samples,time,memory,MAE,RMSE,R2
100.0,0.01916,0.20391210937499998,4.226204,5.340027,-0.11590799999999998
200.0,0.05983700000000001,0.013509765625,3.2632419999999995,4.332945,0.277371
300.0,0.0799214,0.311283203125,2.882849,3.889367,0.362175
400.0,0.1078586,0.38019921875,2.691521,3.607235,0.465628
500.0,0.1361158,0.39837304687499997,2.630307,3.4904269999999995,0.525792
600.0,0.1937474,0.34655664062499997,2.570976,3.407023,0.554522
700.0,0.2499066,0.278373046875,2.529627,3.3234699999999995,0.577677
800.0,0.2758406,0.368939453125,2.50399,3.295034,0.589538
900.0,0.320431,0.234779296875,2.499302,3.294237,0.585248
1000.0,0.3459078,0.39223046875,2.511337,3.3050690000000005,0.580657
1100.0,0.37512080000000003,0.49149023437499995,2.451711,3.225843,0.594064
1200.0,0.4235734,0.49626562500000004,2.429108,3.203286,0.604754
1300.0,0.45603540000000004,0.6026503906249999,2.384136,3.144485,0.616779
1400.0,0.4911074,0.658677734375,2.354936,3.114965,0.620962
1500.0,0.5436376,0.654505859375,2.338236,3.0883,0.621598
1600.0,0.580315,0.7531015625,2.296652,3.036403,0.62997
1700.0,0.6348632000000001,0.663482421875,2.264061,3.002825,0.639452
1800.0,0.6717818,0.8392441406250001,2.248716,2.979026,0.638837
1900.0,0.7128756,0.9456503906249999,2.231668,2.954175,0.646653
2000.0,0.7566922,1.0,2.21297,2.936653,0.652209
2100.0,0.8019338000000001,1.03,2.203252,2.920475,0.655192
2200.0,0.8637988,0.99,2.191559,2.90241,0.65711
2300.0,0.9092705999999999,1.06,2.179172,2.889743,0.658791
2400.0,0.970942,0.96,2.162069,2.864388,0.664422
2500.0,1.0302354,0.898453125,2.153534,2.847385,0.668164
2600.0,1.0732354000000002,1.06,2.141852,2.829495,0.672792
2700.0,1.1200032,1.17,2.12899,2.810001,0.677449
2800.0,1.1697632,1.23,2.112742,2.787755,0.680356
2900.0,1.2214024,1.28,2.09374,2.765481,0.685593
3000.0,1.303447,1.02,2.089549,2.759558,0.687579
3100.0,1.374935,1.08,2.087725,2.75195,0.69025
3200.0,1.4223074,1.25,2.080965,2.740161,0.694714
3300.0,1.474421,1.38,2.065608,2.730852,0.697804
3400.0,1.5297258,1.47,2.054961,2.717458,0.700279
3500.0,1.602827,1.48,2.051655,2.708274,0.703984
3600.0,1.660645,1.6,2.042511,2.694826,0.707364
3700.0,1.745356,1.59,2.035229,2.682201,0.710333
3800.0,1.8062804,1.67,2.024541,2.66709,0.713935
3900.0,1.8692902,1.7399999999999998,2.017895,2.656388,0.716625
4000.0,1.9505024,1.7,2.011841,2.648447,0.718961
4100.0,2.0144636,1.83,2.005468,2.637893,0.720891
4200.0,2.0963339999999997,1.75,2.000666,2.628443,0.725237
4300.0,2.1615202,1.8700000000000003,1.99196,2.617612,0.727225
4400.0,2.231134,1.97,1.986527,2.6081,0.729256
4500.0,2.3033294,2.04,1.9814789999999998,2.602262,0.72895
4600.0,2.3768952,2.1,1.976502,2.595518,0.728875
4700.0,2.4521912,2.14,1.9737940000000003,2.591684,0.729247
4800.0,2.5288792,2.1879999999999997,1.9673120000000002,2.583635,0.730249
4900.0,2.6328616,2.13,1.964351,2.578903,0.730748
5000.0,2.735357,2.07,1.960715,2.570839,0.73177
5100.0,2.8102282,2.16,1.9623330000000003,2.570632,0.73202
5200.0,2.8874274,2.23,1.959781,2.567747,0.732504
5300.0,2.9659826,2.27,1.953677,2.561235,0.733525
5400.0,3.0463592,2.3,1.9504069999999998,2.55554,0.734902
5500.0,3.1275644,2.33,1.9487479999999997,2.551903,0.734626
5600.0,3.235131,2.2,1.9448070000000002,2.547542,0.735733
5700.0,3.3384296,2.148,1.9449960000000002,2.544712,0.735584
5800.0,3.4300821999999997,2.06,1.9416240000000002,2.540462,0.737012
5900.0,3.5042478000000004,2.13,1.939086,2.537255,0.73793
6000.0,3.5802006,2.19,1.937808,2.533081,0.739427
6100.0,3.6811652,2.1,1.9345570000000003,2.528242,0.741344
6200.0,3.7834336,2.08,1.9312580000000001,2.524336,0.742249
6300.0,3.8588410000000004,2.24,1.926676,2.517418,0.742859
6400.0,3.9523902,2.17,1.9249610000000001,2.513842,0.743957
6500.0,4.030099,2.28,1.91983,2.507125,0.745661
6600.0,4.1316782000000005,2.28,1.920394,2.50669,0.745228
6700.0,4.2114818,2.35,1.9200510000000002,2.504033,0.745546
6800.0,4.2927678,2.4,1.916522,2.500275,0.746552
6900.0,4.3767572,2.45,1.912922,2.49565,0.746819
7000.0,4.4611632,2.49,1.910573,2.491014,0.747604
7100.0,4.5752438,2.23,1.9072140000000002,2.487963,0.747781
7200.0,4.6544662,2.31,1.904893,2.483945,0.747628
7300.0,4.7354736,2.39,1.9039379999999997,2.481199,0.748472
7400.0,4.843576400000001,2.33,1.90077,2.47748,0.750204
7500.0,5.0042624,2.09,1.898958,2.474468,0.750176
7600.0,5.0866554,2.26,1.895271,2.468682,0.751388
7700.0,5.1667766,2.4,1.894829,2.467043,0.752287
7800.0,5.273722,2.4,1.889033,2.46008,0.753913
7900.0,5.356699000000001,2.5,1.889612,2.465689,0.75215
8000.0,5.443634,2.57,1.889412,2.464245,0.752421
8100.0,5.5433542,2.63,1.8848150000000001,2.458433,0.75322
8200.0,5.6326276,2.69,1.8853149999999999,2.457385,0.754022
8300.0,5.737253600000001,2.57,1.886007,2.456176,0.754542
8400.0,5.8514356,2.5,1.882253,2.451692,0.755827
8500.0,5.9373326,2.57,1.879554,2.447858,0.756328
8600.0,6.0250058,2.63,1.877986,2.445351,0.756836
8700.0,6.1137426,2.67,1.8794460000000002,2.446845,0.756583
8800.0,6.231713,2.6,1.877023,2.444123,0.757471
8900.0,6.3463534,2.56,1.873754,2.440381,0.757971
9000.0,6.434119,2.67,1.8763549999999998,2.44213,0.757025
9100.0,6.5247388,2.77,1.8725279999999997,2.437313,0.757557
9200.0,6.617749399999999,2.84,1.874227,2.438479,0.757277
9300.0,6.7125456,2.89,1.874609,2.437551,0.757207
9400.0,6.8237048,2.8,1.8737210000000002,2.435162,0.757421
9500.0,6.918086,2.87,1.8734860000000002,2.433989,0.757536
9600.0,7.0540374,2.65,1.8734069999999998,2.433475,0.757324
9700.0,7.1442662,2.77,1.870332,2.429345,0.757777
9800.0,7.238755,2.85,1.867465,2.42688,0.75862
9900.0,7.3560294,2.82,1.868903,2.428887,0.758643
10000.0,7.451420199999999,2.89,1.868179,2.428062,0.758429
10100.0,7.547217999999999,2.95,1.868647,2.429091,0.758564
10200.0,7.679399399999999,2.91,1.868157,2.427053,0.759431
10300.0,7.77666,2.99,1.865644,2.423472,0.760346
10400.0,7.890404200000001,2.94,1.864292,2.421778,0.760924
10500.0,8.0133504,2.91,1.863024,2.419574,0.76124
10600.0,8.1246422,2.86,1.862676,2.417935,0.761314
10700.0,8.220240800000001,2.97,1.862746,2.416663,0.761648
10800.0,8.319415000000001,3.05,1.863399,2.416734,0.762327
10900.0,8.4196022,3.13,1.859545,2.412719,0.762866
11000.0,8.5220426,3.22,1.857898,2.410126,0.763258
11100.0,8.627520200000001,3.28,1.85549,2.406846,0.763766
11200.0,8.7350884,3.3299999999999996,1.8561450000000002,2.406122,0.764051
11300.0,8.8821396,3.08,1.854063,2.403989,0.764692
11400.0,8.9993938,3.02,1.8523749999999999,2.400844,0.765202
11500.0,9.1273602,3.02,1.8499969999999997,2.398035,0.766229
11600.0,9.2274694,3.17,1.849426,2.397581,0.765933
11700.0,9.3308562,3.2599999999999993,1.84911,2.397919,0.765614
11800.0,9.437702400000001,3.3199999999999994,1.8485289999999999,2.397094,0.766455
11900.0,9.5525822,3.37,1.8484469999999997,2.396326,0.766595
12000.0,9.6765946,3.3,1.8471769999999998,2.394968,0.766618
12100.0,9.7836388,3.4,1.8482939999999999,2.395276,0.766433
12200.0,9.9328194,3.17,1.8469159999999998,2.393701,0.766959
12300.0,10.037697,3.3199999999999994,1.8484880000000001,2.395258,0.766742
12400.0,10.1456198,3.4200000000000004,1.846485,2.392499,0.767006
12500.0,10.2560142,3.54,1.844312,2.389199,0.768046
12600.0,10.384622,3.44,1.8435289999999998,2.388293,0.768259
12700.0,10.496409400000001,3.5200000000000005,1.8446159999999998,2.389446,0.768076
12800.0,10.6378754,3.4900000000000007,1.843393,2.387375,0.768397
12900.0,10.765424,3.45,1.840976,2.383778,0.769059
13000.0,10.8770546,3.55,1.8413309999999998,2.383851,0.769011
13100.0,10.9906266,3.63,1.8416190000000001,2.383096,0.76904
13200.0,11.121504400000001,3.56,1.8414180000000002,2.382645,0.768809
13300.0,11.2362438,3.6399999999999997,1.8394939999999997,2.379865,0.769255
13400.0,11.352986,3.75,1.838511,2.378486,0.76959
13500.0,11.4737988,3.8299999999999996,1.8358339999999997,2.375627,0.770388
13600.0,11.5958186,3.9,1.838213,2.378901,0.769569
13700.0,11.719688399999999,3.96,1.8381830000000001,2.378988,0.769375
13800.0,11.845623,4.02,1.836271,2.376521,0.770095
13900.0,11.9721906,4.07,1.8332079999999997,2.373572,0.770649
14000.0,12.1007552,4.1,1.8320450000000001,2.372068,0.770904
14100.0,12.268719200000001,3.85,1.829778,2.369014,0.771484
14200.0,12.4476612,3.54,1.831065,2.371612,0.770979
14300.0,12.576426600000001,3.56,1.830224,2.370572,0.771087
14400.0,12.691412199999998,3.75,1.828942,2.369159,0.771292
14500.0,12.825838999999998,3.75,1.8282899999999997,2.368179,0.7713
14600.0,12.945806200000002,3.87,1.827243,2.36672,0.77143
14700.0,13.069052199999998,3.9900000000000007,1.8269259999999998,2.366108,0.771775
14800.0,13.195203799999998,4.1,1.8261530000000001,2.364829,0.772001
14900.0,13.324643,4.19,1.82378,2.361455,0.772429
15000.0,13.456513000000001,4.24,1.822806,2.360188,0.77272
15100.0,13.589822799999999,4.32,1.8225079999999998,2.358966,0.773175
15200.0,13.725109,4.4,1.823465,2.35942,0.773041
15300.0,13.8876794,4.35,1.822064,2.357561,0.773731
15400.0,14.024777599999998,4.44,1.8210760000000001,2.356641,0.774059
15500.0,14.178751199999999,4.37,1.820479,2.355768,0.774414
15600.0,14.3166512,4.5,1.81807,2.352661,0.775019
15700.0,14.471252800000002,4.46,1.8158929999999998,2.349519,0.775734
15800.0,14.625163800000001,4.47,1.813926,2.347018,0.776289
15900.0,14.7651366,4.58,1.8112099999999998,2.343677,0.777214
16000.0,14.9079856,4.68,1.8106370000000003,2.342564,0.777478
16100.0,15.0672812,4.62,1.8111260000000002,2.344023,0.777195
16200.0,15.2114346,4.73,1.810356,2.343087,0.777498
16300.0,15.3578022,4.81,1.808722,2.341479,0.778008
16400.0,15.5146214,4.9,1.80795,2.339542,0.778384
16500.0,15.6660558,4.97,1.807669,2.338389,0.778517
16600.0,15.8196176,5.06,1.8067050000000002,2.337438,0.778885
16700.0,15.990750400000001,4.96,1.805454,2.335626,0.779566
16800.0,16.1446698,5.03,1.8038710000000002,2.333654,0.779734
16900.0,16.2997766,5.13,1.803434,2.332892,0.780127
17000.0,16.4821064,5.06,1.8029199999999999,2.331982,0.78025
17100.0,16.6379284,5.14,1.802884,2.331752,0.780371
17200.0,16.8098034,5.08,1.8024090000000001,2.33166,0.780194
17300.0,16.9910086,5.07,1.8022959999999997,2.331081,0.780388
17400.0,17.1709918,5.11,1.802312,2.330803,0.780391
17500.0,17.3284768,5.23,1.8005479999999998,2.328479,0.781068
17600.0,17.488752599999998,5.35,1.799929,2.327389,0.781043
17700.0,17.6531144,5.45,1.7984560000000003,2.325328,0.781591
17800.0,17.8430638,5.42,1.7971980000000003,2.323718,0.781703
17900.0,18.018025,5.5,1.795893,2.322704,0.781812
18000.0,18.1859122,5.558,1.7957700000000003,2.321797,0.782201
18100.0,18.355872400000003,5.64,1.7954029999999999,2.320982,0.782329
18200.0,18.527628800000002,5.69,1.794435,2.3198,0.782538
18300.0,18.7007136,5.73,1.792513,2.317458,0.783057
18400.0,18.8895588,5.61,1.791547,2.315729,0.783476
18500.0,19.0616472,5.66,1.79013,2.313741,0.78373
18600.0,19.249481,5.75,1.7885759999999997,2.311897,0.78401
18700.0,19.4259342,5.84,1.787698,2.310686,0.784033
18800.0,19.6182938,5.77,1.786279,2.30907,0.784042
18900.0,19.794418200000003,5.84,1.785407,2.307612,0.784413
19000.0,19.9725494,5.9,1.783834,2.305508,0.784803
19100.0,20.1518614,5.97,1.783165,2.304356,0.785086
19200.0,20.3604152,5.92,1.7820700000000003,2.303033,0.785469
19300.0,20.540921,6.0,1.781534,2.301941,0.785657
19400.0,20.7229594,6.07,1.7810029999999997,2.301624,0.785715
19500.0,20.921118,6.0,1.779731,2.30014,0.786448
19600.0,21.1042238,6.06,1.7786149999999998,2.298677,0.786799
19700.0,21.288977600000003,6.1,1.777775,2.297497,0.786876
19800.0,21.5225492,5.93,1.777656,2.297426,0.786914
19900.0,21.716374000000002,5.85,1.7769,2.297018,0.787042
20000.0,21.8950878,5.92,1.776568,2.296518,0.787103
20100.0,22.0773794,6.01,1.777128,2.29643,0.787192
20200.0,22.260371,6.07,1.7754090000000002,2.294134,0.787486
20300.0,22.446453,6.12,1.774397,2.292863,0.787521
20400.0,22.647123,6.05,1.773573,2.291861,0.787712
20500.0,22.8556624,6.0,1.772971,2.291197,0.787822
20600.0,23.0481326,6.07,1.7735610000000002,2.29263,0.787554
20700.0,23.247204599999996,5.98,1.77296,2.291549,0.787726
20800.0,23.429092,6.06,1.774063,2.292545,0.787787
20900.0,23.654122,5.86,1.773309,2.291558,0.788174
21000.0,23.8603402,5.7,1.773438,2.291504,0.788443
21100.0,24.058084400000002,5.73,1.772661,2.290999,0.788645
21200.0,24.2328134,5.87,1.7727840000000001,2.290424,0.788725
21300.0,24.4108078,5.97,1.7718020000000003,2.289304,0.788732
21400.0,24.592297,6.08,1.771316,2.288539,0.788949
21500.0,24.7774408,6.17,1.7709119999999998,2.287861,0.789023
21600.0,24.9643462,6.27,1.7694420000000002,2.286315,0.789427
21700.0,25.1539672,6.33,1.768808,2.285494,0.789597
21800.0,25.3451364,6.4,1.768526,2.285106,0.789647
21900.0,25.5382896,6.470000000000001,1.768231,2.284757,0.789359
22000.0,25.733967,6.540000000000001,1.7680099999999999,2.284952,0.789266
22100.0,25.931490000000004,6.610000000000001,1.767369,2.284214,0.78916
22200.0,26.1408112,6.68,1.766645,2.283581,0.789165
22300.0,26.3419174,6.720000000000001,1.76681,2.283798,0.789264
22400.0,26.545392000000003,6.769999999999999,1.7658920000000002,2.282711,0.789599
22500.0,26.7486924,6.81,1.7658549999999997,2.282295,0.789557
22600.0,26.981336799999998,6.709999999999999,1.764659,2.280722,0.789782
22700.0,27.184024599999997,6.8,1.7638830000000003,2.279467,0.789994
22800.0,27.413807000000002,6.75,1.763889,2.278958,0.7901
22900.0,27.6307908,6.65,1.763167,2.277952,0.790472
23000.0,27.831446,6.720000000000001,1.7630510000000001,2.278014,0.790422
23100.0,28.033696600000003,6.81,1.7620150000000003,2.276365,0.79105
23200.0,28.2680774,6.57,1.761393,2.275178,0.791334
23300.0,28.4663836,6.639999999999999,1.760128,2.27335,0.791673
23400.0,28.680973799999997,6.540000000000001,1.759881,2.272479,0.791707
23500.0,28.879034400000002,6.610000000000001,1.7599440000000002,2.272309,0.791745
23600.0,29.0923558,6.529999999999999,1.7590189999999999,2.27125,0.792017
23700.0,29.3046516,6.470000000000001,1.7586030000000001,2.270605,0.791957
23800.0,29.4996078,6.55,1.7583410000000002,2.270204,0.791897
23900.0,29.6968044,6.610000000000001,1.75721,2.268774,0.792231
24000.0,29.9238654,6.36,1.756211,2.268115,0.792367
24100.0,30.1166336,6.470000000000001,1.755482,2.267166,0.792558
24200.0,30.3269998,6.44,1.754384,2.265575,0.792811
24300.0,30.5213432,6.55,1.7535669999999999,2.264212,0.793018
24400.0,30.734447199999998,6.529999999999999,1.753009,2.263072,0.793431
24500.0,30.945429400000002,6.529999999999999,1.752729,2.26256,0.79344
24600.0,31.143329800000004,6.68,1.7522680000000002,2.261762,0.793565
24700.0,31.344712400000002,6.8,1.751944,2.261368,0.793582
24800.0,31.548801400000002,6.92,1.7525179999999998,2.262014,0.793453
24900.0,31.7581706,7.019999999999999,1.7512700000000003,2.260452,0.793831
25000.0,31.993213000000004,7.01,1.7509720000000002,2.260039,0.79378
25100.0,32.2053306,7.13,1.75033,2.259372,0.793914
25200.0,32.4344416,7.090000000000001,1.7493849999999997,2.258961,0.793891
25300.0,32.671137,7.1,1.7502470000000003,2.26124,0.793446
25400.0,32.8995786,7.05,1.7512900000000002,2.265001,0.792753
25500.0,33.1120478,7.15,1.750792,2.264995,0.792795
25600.0,33.328348,7.279999999999999,1.750856,2.264995,0.79287
25700.0,33.5469748,7.38,1.750393,2.264058,0.793062
25800.0,33.7687346,7.459999999999999,1.750092,2.263569,0.793195
25900.0,33.995027,7.590000000000001,1.749898,2.263082,0.793131
26000.0,34.238374199999996,7.540000000000001,1.7495160000000003,2.262519,0.793192
26100.0,34.4677158,7.65,1.7499639999999999,2.26634,0.792611
26200.0,34.713077,7.58,1.750364,2.268226,0.7924
26300.0,34.9680364,7.56,1.7499949999999997,2.268143,0.792377
26400.0,35.211551199999995,7.51,1.750137,2.268387,0.792329
26500.0,35.4392268,7.610000000000001,1.749984,2.268135,0.792464
26600.0,35.669171,7.7,1.749418,2.267404,0.79268
26700.0,35.9017766,7.81,1.74879,2.266648,0.792699
26800.0,36.165618800000004,7.56,1.7487400000000002,2.267316,0.792625
26900.0,36.408974799999996,7.519999999999999,1.748281,2.26642,0.792888
27000.0,36.63692999999999,7.639999999999999,1.747917,2.267002,0.792865
27100.0,36.8833464,7.590000000000001,1.7470659999999998,2.265862,0.793049
27200.0,37.123205999999996,7.74,1.746832,2.265423,0.793144
27300.0,37.3563404,7.88,1.746706,2.266816,0.793005
27400.0,37.6311678,7.76,1.747314,2.267677,0.792831
27500.0,37.866208799999995,7.93,1.747567,2.268191,0.793003
27600.0,38.1046512,8.05,1.7469250000000003,2.267271,0.793198
27700.0,38.3467302,8.16,1.746,2.265995,0.793511
27800.0,38.593507,8.26,1.7450569999999999,2.264714,0.793902
27900.0,38.841001399999996,8.38,1.744373,2.264588,0.793963
28000.0,39.0923218,8.47,1.744612,2.265726,0.793768
28100.0,39.3464558,8.56,1.744754,2.265717,0.793814
28200.0,39.6034358,8.65,1.74421,2.264731,0.794211
28300.0,39.8732722,8.75,1.743783,2.263734,0.794493
28400.0,40.135532,8.84,1.7430189999999999,2.262676,0.794579
28500.0,40.415770599999995,8.75,1.742797,2.263324,0.794602
28600.0,40.677741,8.83,1.7428519999999998,2.263823,0.79467
28700.0,40.955510200000006,8.75,1.7429929999999998,2.264716,0.794542
28800.0,41.2173118,8.81,1.743514,2.26482,0.794608
28900.0,41.4980636,8.89,1.742876,2.263879,0.794601
29000.0,41.7634612,8.97,1.7428529999999998,2.264259,0.794509
29100.0,42.032501,9.05,1.7428250000000003,2.264435,0.794538
29200.0,42.326968199999996,8.99,1.7433229999999997,2.265642,0.794408
29300.0,42.597266000000005,9.09,1.743445,2.265399,0.794584
29400.0,42.883008000000004,9.01,1.7433,2.264776,0.794813
29500.0,43.152768,9.08,1.743434,2.264474,0.794895
29600.0,43.4248498,9.17,1.7433219999999998,2.264265,0.795066
29700.0,43.7129456,9.11,1.7424889999999997,2.263041,0.795262
29800.0,44.0107972,9.08,1.74166,2.261906,0.795604
29900.0,44.282417599999995,9.19,1.741649,2.262257,0.795646
30000.0,44.5569442,9.26,1.741665,2.262091,0.795814
30100.0,44.8336138,9.35,1.740831,2.260804,0.795883
30200.0,45.1371718,9.3,1.740306,2.260027,0.795966
30300.0,45.416337,9.37,1.7395679999999998,2.258845,0.796149
30400.0,45.697834,9.44,1.738804,2.257862,0.79631
30500.0,45.9806568,9.52,1.737778,2.256543,0.796509
30600.0,46.3137366,9.36,1.736723,2.255181,0.796803
30700.0,46.60387419999999,9.46,1.737143,2.255677,0.796633
30800.0,46.8869828,9.56,1.736273,2.254787,0.796804
30900.0,47.171997,9.63,1.7352,2.253508,0.797109
31000.0,47.4594446,9.7,1.73539,2.253608,0.797168
31100.0,47.7476298,9.77,1.734632,2.252471,0.797418
31200.0,48.0384906,9.84,1.7338349999999998,2.251161,0.797529
31300.0,48.3312496,9.89,1.7346229999999998,2.252705,0.79731
31400.0,48.648466,9.84,1.7343579999999998,2.253304,0.797184
31500.0,48.9417264,9.9,1.733775,2.252406,0.797351
31600.0,49.2375848,9.96,1.7339939999999998,2.253051,0.797203
31700.0,49.5570098,9.92,1.733372,2.252073,0.797424
31800.0,49.8656896,9.83,1.733341,2.252684,0.797384
31900.0,50.1579998,9.88,1.732882,2.25189,0.797581
32000.0,50.4530484,9.94,1.732237,2.250738,0.797834
32100.0,50.7513194,9.98,1.731456,2.250115,0.798074
32200.0,51.049418,10.03,1.730519,2.249123,0.798137
32300.0,51.363856399999996,9.94,1.7297610000000003,2.248133,0.798319
32400.0,51.6621898,10.01,1.729898,2.247915,0.798333
32500.0,51.9754458,9.91,1.7297730000000002,2.247876,0.79833
32600.0,52.2857532,9.84,1.730158,2.248113,0.798329
32700.0,52.5820554,9.93,1.7294810000000003,2.24792,0.79845
32800.0,52.879941200000005,9.98,1.7287120000000002,2.247029,0.798546
32900.0,53.177870399999996,10.06,1.728984,2.247139,0.798621
33000.0,53.493445599999994,9.96,1.7289670000000001,2.246916,0.798713
33100.0,53.8021418,10.04,1.7290990000000002,2.247941,0.798535
33200.0,54.1019054,10.09,1.728514,2.247329,0.798773
33300.0,54.4052022,10.15,1.728613,2.247263,0.7987
33400.0,54.7076034,10.21,1.728813,2.249138,0.798403
33500.0,55.026229,10.11,1.729002,2.249231,0.798476
33600.0,55.3293844,10.16,1.728697,2.249357,0.798453
33700.0,55.670651799999995,9.91,1.7282879999999998,2.248906,0.798494
33800.0,55.9669526,9.99,1.728144,2.248398,0.798623
33900.0,56.278539,9.94,1.7278980000000002,2.247594,0.798691
34000.0,56.5751278,10.04,1.727927,2.247292,0.798815
34100.0,56.9031954,9.82,1.7273780000000003,2.246489,0.798945
34200.0,57.197322799999995,9.99,1.726692,2.245545,0.799114
34300.0,57.495193400000005,10.11,1.727059,2.246045,0.799057
34400.0,57.796710999999995,10.22,1.7265340000000002,2.246026,0.799206
34500.0,58.102570400000005,10.31,1.7262540000000002,2.245231,0.799384
34600.0,58.40997659999999,10.4,1.7257279999999997,2.244432,0.799472
34700.0,58.7199734,10.48,1.72526,2.243939,0.799546
34800.0,59.03191820000001,10.53,1.724983,2.243454,0.799559
34900.0,59.345957399999996,10.61,1.724622,2.243406,0.799624
35000.0,59.6870094,10.53,1.724222,2.243058,0.799663
35100.0,60.014455399999996,10.447999999999999,1.723619,2.242113,0.799846
35200.0,60.34920939999999,10.42,1.722871,2.24094,0.8000770000000001
35300.0,60.660278600000005,10.52,1.722883,2.240645,0.8002040000000001
35400.0,61.001177600000005,10.3,1.722926,2.240831,0.8000969999999998
35500.0,61.3093272,10.42,1.722388,2.240316,0.8002819999999999
35600.0,61.61802720000001,10.52,1.7220930000000003,2.241013,0.799996
35700.0,61.9308094,10.6,1.721342,2.240196,0.800258
35800.0,62.2458338,10.72,1.7209870000000003,2.239467,0.800414
35900.0,62.577849400000005,10.65,1.7208890000000001,2.23911,0.800503
36000.0,62.918413199999996,10.62,1.720523,2.238457,0.800603
36100.0,63.2505448,10.58,1.7197109999999998,2.237367,0.800863
36200.0,63.59022699999999,10.55,1.719606,2.2373,0.800864
36300.0,63.9061794,10.69,1.7202170000000003,2.238734,0.8007519999999999
36400.0,64.2367964,10.67,1.720374,2.238934,0.800715
36500.0,64.5775058,10.68,1.7201119999999999,2.238567,0.8007760000000002
36600.0,64.897333,10.8,1.719766,2.237729,0.800948
36700.0,65.2171546,10.88,1.719097,2.236963,0.801075
36800.0,65.5662158,10.68,1.7183800000000002,2.235899,0.801155
36900.0,65.88486359999999,10.8,1.7180810000000002,2.236329,0.801162
37000.0,66.20479420000001,10.9,1.717781,2.235769,0.801267
37100.0,66.5285486,10.99,1.717615,2.235472,0.8012309999999999
37200.0,66.898848,10.87,1.717408,2.235379,0.801369
37300.0,67.2209388,10.97,1.717295,2.235219,0.80153
37400.0,67.5447702,11.07,1.716726,2.234354,0.801702
37500.0,67.871571,11.15,1.715651,2.233072,0.80195
37600.0,68.2015874,11.24,1.715711,2.232976,0.80198
37700.0,68.5342732,11.34,1.7157360000000001,2.232602,0.80205
37800.0,68.8951224,11.3,1.715727,2.232571,0.8021800000000001
37900.0,69.2303572,11.38,1.71569,2.232527,0.802056
38000.0,69.5814128,11.32,1.715711,2.232485,0.802075
38100.0,69.9160296,11.39,1.715363,2.231847,0.802162
38200.0,70.26553559999999,11.48,1.7150729999999998,2.231999,0.802227
38300.0,70.6055178,11.56,1.7154149999999997,2.232673,0.802074
38400.0,70.9467722,11.64,1.714686,2.231627,0.802266
38500.0,71.30403559999999,11.57,1.714322,2.23104,0.8025249999999999
38600.0,71.6695634,11.52,1.7143159999999997,2.230991,0.8026099999999999
38700.0,72.01164739999999,11.6,1.713617,2.230179,0.802697
38800.0,72.377172,11.56,1.713695,2.230245,0.80268
38900.0,72.7190622,11.65,1.713431,2.229844,0.8026440000000001
39000.0,73.06329020000001,11.74,1.7131979999999998,2.230366,0.8025629999999999
39100.0,73.4094534,11.83,1.713123,2.230795,0.8024660000000001
39200.0,73.759852,11.9,1.7129850000000002,2.231031,0.802488
39300.0,74.11096660000001,11.96,1.712468,2.230323,0.802566
39400.0,74.4634598,12.03,1.712457,2.230113,0.802605
39500.0,74.8181974,12.1,1.712647,2.230607,0.802535
39600.0,75.18880340000001,12.01,1.712127,2.23029,0.802627
39700.0,75.545708,12.08,1.711677,2.229715,0.802656
39800.0,75.90307800000001,12.16,1.7118670000000002,2.230208,0.802524
39900.0,76.2756426,12.07,1.711738,2.230105,0.802484
40000.0,76.63351359999999,12.14,1.7124099999999998,2.230776,0.8023849999999999
40100.0,77.00617580000001,12.21,1.712005,2.230378,0.802468
40200.0,77.36700019999999,12.27,1.7115959999999997,2.230314,0.802519
40300.0,77.7304058,12.33,1.7111370000000001,2.229933,0.802665
40400.0,78.0960728,12.39,1.710588,2.22912,0.8028510000000001
40500.0,78.462513,12.44,1.7101210000000002,2.228407,0.803037
40600.0,78.8313618,12.49,1.7100900000000003,2.228275,0.803035
40700.0,79.21469440000001,12.41,1.709704,2.227692,0.8031159999999999
40800.0,79.6064542,12.34,1.709658,2.227194,0.8031789999999999
40900.0,79.97191699999999,12.39,1.709335,2.226624,0.803285
41000.0,80.3593564,12.498000000000001,1.709864,2.22727,0.803204
41100.0,80.72930579999999,12.57,1.7099350000000002,2.227751,0.803155
41200.0,81.10319460000001,12.63,1.709186,2.2268,0.803367
41300.0,81.4757438,12.7,1.7088810000000003,2.22672,0.8033909999999999
41400.0,81.8655544,12.63,1.7088369999999997,2.22639,0.803416
41500.0,82.2641884,12.58,1.7080069999999998,2.225506,0.803574
41600.0,82.6385526,12.64,1.707546,2.224907,0.8036179999999999
41700.0,83.0141432,12.72,1.7073019999999999,2.224689,0.803767
41800.0,83.3907716,12.77,1.707069,2.224507,0.803854
41900.0,83.7688448,12.819999999999999,1.707562,2.225774,0.8037050000000001
42000.0,84.1627474,12.73,1.707151,2.225114,0.803852
42100.0,84.56295759999999,12.71,1.7068669999999997,2.224824,0.8039
42200.0,84.9871288,12.54,1.7068559999999997,2.224724,0.803946
42300.0,85.37602100000001,12.46,1.7064980000000003,2.223975,0.8040559999999999
42400.0,85.7443172,12.54,1.7064610000000002,2.224391,0.803907
42500.0,86.113388,12.62,1.706316,2.224337,0.8039989999999999
42600.0,86.5248214,12.43,1.706108,2.22412,0.8040689999999999
42700.0,86.8924032,12.54,1.70594,2.223768,0.8042320000000001
42800.0,87.262189,12.63,1.705956,2.223813,0.8043379999999999
42900.0,87.6491234,12.72,1.705516,2.223429,0.8043609999999999
43000.0,88.02388040000001,12.809999999999999,1.705695,2.223659,0.8042830000000001
43100.0,88.437111,12.6,1.7060559999999998,2.223766,0.804251
43200.0,88.8080836,12.66,1.7056049999999998,2.223223,0.804269
43300.0,89.1944622,12.61,1.705168,2.222607,0.804365
43400.0,89.5771766,12.54,1.7052529999999997,2.222367,0.804487
43500.0,89.94584640000001,12.62,1.704861,2.221787,0.804549
43600.0,90.316063,12.7,1.704319,2.221676,0.80453
43700.0,90.7014414,12.64,1.7034680000000002,2.220639,0.804659
43800.0,91.07247,12.71,1.7027180000000002,2.219752,0.804909
43900.0,91.44544640000001,12.78,1.7024630000000003,2.219344,0.804994
44000.0,91.8321036,12.68,1.7027519999999998,2.221381,0.804664
44100.0,92.20428460000001,12.77,1.702617,2.221117,0.8047229999999999
44200.0,92.6168906,12.55,1.702542,2.220726,0.8048680000000001
44300.0,92.9871358,12.65,1.702288,2.2202,0.8050279999999999
44400.0,93.37364199999999,12.58,1.701704,2.219584,0.805229
44500.0,93.7434762,12.72,1.701326,2.218956,0.8053510000000002
44600.0,94.1169112,12.809999999999999,1.700942,2.218293,0.8055450000000001
44700.0,94.5073198,12.91,1.700871,2.217998,0.8055999999999999
44800.0,94.9001054,12.87,1.7008990000000002,2.218187,0.805579
44900.0,95.27804,13.0,1.700965,2.21807,0.8055299999999999
45000.0,95.6603718,13.09,1.700223,2.217009,0.805715
45100.0,96.0441602,13.169999999999998,1.6997170000000001,2.216332,0.805931
45200.0,96.4447176,13.11,1.699976,2.216699,0.805902
45300.0,96.85573600000001,13.039999999999997,1.6995720000000003,2.216211,0.8058949999999999
45400.0,97.266444,12.84,1.6988869999999998,2.215365,0.8060620000000001
45500.0,97.6431732,12.95,1.69861,2.215031,0.8061450000000001
45600.0,98.0386038,12.87,1.698181,2.214553,0.8062419999999999
45700.0,98.4165944,12.970000000000002,1.6976979999999997,2.213913,0.8063499999999999
45800.0,98.8102086,12.908000000000001,1.6971209999999999,2.213069,0.8065710000000001
45900.0,99.189813,13.029999999999998,1.696301,2.212022,0.806701
46000.0,99.5887952,12.98,1.696585,2.21244,0.806696
46100.0,99.9690744,13.1,1.696416,2.21224,0.806773
46200.0,100.3513432,13.180000000000001,1.6962350000000002,2.213181,0.8067040000000001
46300.0,100.7350028,13.27,1.696006,2.212908,0.806682
46400.0,101.1225834,13.34,1.6955269999999998,2.212212,0.8068380000000002
46500.0,101.5125354,13.419999999999998,1.69469,2.211241,0.8070359999999999
46600.0,101.9443356,13.069999999999999,1.6940560000000002,2.210266,0.8071909999999999
46700.0,102.32617880000001,13.190000000000001,1.6935189999999998,2.209606,0.807287
46800.0,102.711301,13.319999999999999,1.693103,2.20913,0.807296
46900.0,103.0984604,13.430000000000001,1.6927419999999997,2.208598,0.8073979999999998
47000.0,103.4896984,13.529999999999998,1.692377,2.208003,0.807493
47100.0,103.90526279999999,13.51,1.692127,2.208307,0.807362
47200.0,104.29791500000002,13.63,1.6919609999999998,2.207821,0.807428
47300.0,104.7074484,13.580000000000002,1.69141,2.207026,0.80761
47400.0,105.1046544,13.680000000000001,1.6910409999999998,2.206474,0.80772
47500.0,105.5171164,13.61,1.690775,2.206632,0.807685
47600.0,105.9262262,13.569999999999999,1.690159,2.20569,0.807883
47700.0,106.3344924,13.539999999999997,1.690099,2.205752,0.8079180000000001
47800.0,106.73149020000001,13.66,1.690032,2.205637,0.807893
47900.0,107.178091,13.529999999999998,1.6899039999999999,2.205442,0.807974
48000.0,107.5738044,13.64,1.68955,2.204923,0.808016
48100.0,108.01904099999999,13.51,1.689141,2.204235,0.808101
48200.0,108.41459219999999,13.62,1.6887409999999998,2.203733,0.808136
48300.0,108.812149,13.720000000000002,1.688777,2.20376,0.808061
48400.0,109.21201,13.830000000000002,1.6888359999999998,2.204239,0.8080300000000001
48500.0,109.6144696,13.930000000000001,1.6886569999999999,2.204106,0.808073
48600.0,110.0317292,13.88,1.688399,2.20371,0.808128
48700.0,110.43580219999998,13.99,1.68795,2.203033,0.8082499999999999
48800.0,110.845248,14.13,1.687461,2.202406,0.808344
48900.0,111.2690462,14.059999999999999,1.686944,2.201983,0.80845
49000.0,111.7149658,13.88,1.687023,2.202012,0.8085169999999999
49100.0,112.1195956,13.99,1.686398,2.201823,0.808549
49200.0,112.52792360000001,14.069999999999999,1.686205,2.201421,0.808588
49300.0,112.96403640000001,14.02,1.6861530000000002,2.201388,0.8085889999999999
49400.0,113.37054700000002,14.15,1.685927,2.200878,0.8087060000000001
49500.0,113.8053408,14.16,1.685097,2.19984,0.808908
49600.0,114.23912599999998,14.16,1.6845570000000003,2.199185,0.808965
49700.0,114.6512722,14.26,1.684489,2.199516,0.808969
49800.0,115.06501540000002,14.36,1.684415,2.199109,0.809046
49900.0,115.48346099999999,14.470000000000002,1.684103,2.198729,0.809102
50000.0,115.9032682,14.529999999999998,1.6838380000000002,2.19815,0.809277
50100.0,116.3246228,14.63,1.68445,2.199236,0.809198
50200.0,116.76145980000001,14.55,1.6838919999999997,2.199263,0.809183
50300.0,117.1840868,14.63,1.683945,2.199558,0.809169
50400.0,117.60716240000002,14.720000000000002,1.684196,2.200554,0.809174
50500.0,118.0329528,14.809999999999999,1.684586,2.201568,0.809041
50600.0,118.4988036,14.64,1.684386,2.201706,0.80906
50700.0,118.9465744,14.6,1.684769,2.202422,0.8090399999999999
50800.0,119.3838216,14.710000000000003,1.684798,2.202797,0.8089960000000002
50900.0,119.824774,14.64,1.684233,2.202092,0.8091459999999999
51000.0,120.24777180000001,14.710000000000003,1.684466,2.202222,0.809089
51100.0,120.6729678,14.830000000000002,1.684067,2.201599,0.809172
51200.0,121.1021408,14.919999999999998,1.684187,2.201793,0.809126
51300.0,121.556232,15.02,1.684098,2.202366,0.809089
51400.0,121.996072,15.11,1.684389,2.202823,0.809007
51500.0,122.48566000000001,14.940000000000001,1.684243,2.202722,0.808943
51600.0,122.93205580000001,14.88,1.684059,2.20251,0.8089920000000002
51700.0,123.3633614,14.98,1.684199,2.203332,0.8089109999999999
51800.0,123.82092680000001,14.930000000000001,1.6840129999999998,2.203316,0.808958
51900.0,124.2542494,15.02,1.683669,2.203425,0.808942
52000.0,124.70943460000001,14.970000000000002,1.683608,2.203381,0.808935
52100.0,125.15778,14.960000000000003,1.6835840000000002,2.203971,0.808864
52200.0,125.5913734,15.069999999999999,1.683945,2.205199,0.808653
52300.0,126.0484852,15.029999999999998,1.6844519999999998,2.205918,0.8085830000000002
52400.0,126.49002720000001,15.16,1.6845729999999999,2.206675,0.808558
52500.0,126.9349168,15.26,1.684317,2.206306,0.808654
52600.0,127.4110444,15.1,1.684102,2.206115,0.80869
52700.0,127.86977300000001,15.210000000000003,1.684587,2.207143,0.808521
52800.0,128.3155446,15.3,1.685128,2.207649,0.8085150000000001
52900.0,128.76442400000002,15.41,1.685059,2.207736,0.808463
53000.0,129.2164346,15.5,1.6850200000000002,2.207414,0.8085280000000001
53100.0,129.6718908,15.61,1.685151,2.208505,0.808353
53200.0,130.1525232,15.580000000000002,1.685203,2.209403,0.808406
53300.0,130.63047079999998,15.59,1.685051,2.209593,0.808329
53400.0,131.0871722,15.678,1.684977,2.209255,0.808522
53500.0,131.561196,15.61,1.685503,2.211421,0.808099
53600.0,132.020524,15.7,1.6853070000000003,2.211299,0.808154
53700.0,132.4808568,15.789999999999997,1.685351,2.212136,0.808037
53800.0,132.9438226,15.89,1.685464,2.212181,0.808047
53900.0,133.4174242,15.98,1.685296,2.211934,0.8081850000000002
54000.0,133.8871668,16.06,1.685178,2.211848,0.80824
54100.0,134.35835500000002,16.16,1.68508,2.211689,0.808254
54200.0,134.87159000000003,16.13,1.685013,2.211519,0.8083129999999998
54300.0,135.3441634,16.22,1.6855249999999997,2.212779,0.808215
54400.0,135.8417374,16.2,1.685431,2.212658,0.808247
54500.0,136.33078500000002,16.15,1.6853349999999998,2.212751,0.808287
54600.0,136.8050882,16.24,1.686193,2.215384,0.80794
54700.0,137.28121960000001,16.32,1.6861719999999998,2.21612,0.807868
54800.0,137.7590088,16.4,1.686533,2.216504,0.8079219999999999
54900.0,138.2525752,16.36,1.6870930000000002,2.218113,0.807739
55000.0,138.756987,16.31,1.6875589999999998,2.218858,0.80766
55100.0,139.23548620000003,16.4,1.6878629999999997,2.219836,0.80756
55200.0,139.71599099999997,16.49,1.688652,2.220909,0.807406
55300.0,140.20039219999998,16.58,1.688208,2.220133,0.807478
55400.0,140.6872128,16.65,1.688208,2.220091,0.807512
55500.0,141.1747614,16.72,1.688102,2.219965,0.807616
55600.0,141.6639958,16.82,1.688044,2.219945,0.8076989999999998
55700.0,142.1569156,16.9,1.6884799999999998,2.22112,0.807546
55800.0,142.6513664,16.99,1.687997,2.220485,0.8076130000000001
55900.0,143.162349,16.9,1.687871,2.220095,0.807658
56000.0,143.6581458,16.96,1.6878959999999998,2.221041,0.807548
56100.0,144.15451860000002,17.01,1.687882,2.221003,0.807614
56200.0,144.65254299999998,17.08,1.6874860000000003,2.220466,0.8077349999999999
56300.0,145.1523264,17.15,1.687625,2.220473,0.807757
56400.0,145.6543864,17.22,1.687917,2.221041,0.807654
56500.0,146.1577966,17.28,1.6879680000000001,2.22099,0.807671
56600.0,146.6634906,17.35,1.687738,2.220657,0.8077530000000002
56700.0,147.17156540000002,17.43,1.6875550000000001,2.220411,0.8079180000000001
56800.0,147.6951686,17.33,1.687909,2.221216,0.807813
56900.0,148.2041574,17.39,1.687758,2.221202,0.8078559999999999
57000.0,148.7156112,17.44,1.687977,2.222245,0.807779
57100.0,149.2271552,17.5,1.68796,2.22223,0.807807
57200.0,149.7385058,17.56,1.6877210000000002,2.221819,0.807997
57300.0,150.255315,17.63,1.687344,2.221299,0.80809
57400.0,150.78271,17.67,1.6875509999999998,2.22156,0.808039
57500.0,151.3166414,17.59,1.687637,2.221574,0.8080529999999999
57600.0,151.84069960000002,17.64,1.6873280000000002,2.221127,0.8080779999999999
57700.0,152.35872260000002,17.69,1.687345,2.22115,0.808088
57800.0,152.8775976,17.74,1.687497,2.222168,0.807944
57900.0,153.4112136,17.65,1.687637,2.222939,0.807911
58000.0,153.92950960000002,17.71,1.6869489999999998,2.222388,0.8079470000000001
58100.0,154.44860599999998,17.75,1.687189,2.223075,0.8078710000000001
58200.0,154.9915374,17.7,1.686872,2.22272,0.807931
58300.0,155.5095828,17.77,1.686969,2.222978,0.807921
58400.0,156.030475,17.82,1.686747,2.222797,0.807939
58500.0,156.55094200000002,17.89,1.686772,2.222694,0.8080070000000001
58600.0,157.0744004,17.95,1.6867329999999998,2.222738,0.8080079999999998
58700.0,157.60045680000002,17.99,1.686409,2.222235,0.808111
58800.0,158.1262616,18.06,1.686402,2.22221,0.8080909999999999
58900.0,158.6541582,18.12,1.686233,2.222064,0.8080960000000001
59000.0,159.1844964,18.15,1.6859360000000003,2.22159,0.8082010000000001
59100.0,159.71546039999998,18.2,1.6856909999999998,2.221394,0.808244
59200.0,160.2466462,18.24,1.6853729999999998,2.221356,0.808305
59300.0,160.7931178,18.12,1.6853909999999999,2.221225,0.80833
59400.0,161.3249126,18.18,1.686214,2.223501,0.8080260000000001
59500.0,161.85854999999998,18.24,1.6864079999999997,2.223671,0.807978
59600.0,162.392524,18.28,1.686067,2.223397,0.808035
59700.0,162.9287258,18.33,1.685841,2.223119,0.808141
59800.0,163.46651839999998,18.39,1.685546,2.22271,0.808179
59900.0,164.00493999999998,18.42,1.6856529999999998,2.222657,0.808207
60000.0,164.5453272,18.47,1.685381,2.22256,0.8081910000000001
60100.0,165.087142,18.518,1.685454,2.222561,0.8082270000000001
60200.0,165.6438492,18.39,1.685632,2.223429,0.8080680000000001
60300.0,166.18400160000002,18.43,1.6853079999999998,2.222887,0.808228
60400.0,166.7237764,18.5,1.685348,2.223123,0.808226
60500.0,167.2649956,18.56,1.6854710000000002,2.223039,0.8082499999999999
60600.0,167.8223716,18.46,1.685476,2.223018,0.808228
60700.0,168.388442,18.39,1.685287,2.222723,0.8082779999999999
60800.0,168.9411104,18.28,1.685029,2.222603,0.8083220000000001
60900.0,169.4774,18.33,1.684928,2.222713,0.8083129999999998
61000.0,170.01994140000002,18.38,1.6852810000000003,2.223189,0.8082800000000001
61100.0,170.6343574,18.06,1.685636,2.223704,0.808251
61200.0,171.1792988,18.02,1.685473,2.223479,0.8082939999999998
61300.0,171.7248076,17.94,1.685341,2.223555,0.808323
61400.0,172.2661822,18.06,1.685296,2.223529,0.8082840000000001
61500.0,172.7947,18.15,1.685018,2.223136,0.808422
61600.0,173.33942480000002,18.05,1.685579,2.224175,0.8082369999999999
61700.0,173.86859239999998,18.16,1.685761,2.224252,0.808253
61800.0,174.401948,18.23,1.685764,2.224381,0.808241
61900.0,174.9378126,18.32,1.685754,2.224727,0.808169
62000.0,175.47410059999999,18.4,1.6858359999999997,2.224786,0.80813
62100.0,176.0142066,18.48,1.6861760000000001,2.225161,0.8080999999999999
62200.0,176.557161,18.57,1.686412,2.225712,0.8080130000000001
62300.0,177.103823,18.63,1.6861339999999998,2.225564,0.808033
62400.0,177.649991,18.71,1.685901,2.225362,0.808052
62500.0,178.2001052,18.76,1.6855730000000002,2.22488,0.808117
62600.0,178.7523566,18.82,1.6860279999999999,2.226256,0.8078879999999999
62700.0,179.303574,18.88,1.686333,2.227201,0.807751
62800.0,179.870395,18.79,1.6865470000000002,2.228083,0.807633
62900.0,180.42199820000002,18.84,1.686495,2.228161,0.8076570000000001
63000.0,180.9781896,18.9,1.686905,2.229343,0.8075240000000001
63100.0,181.532189,18.96,1.687087,2.229804,0.807427
63200.0,182.0905612,19.01,1.6867969999999999,2.229514,0.807419
63300.0,182.660754,18.92,1.6869790000000002,2.230313,0.80731
63400.0,183.2464922,18.84,1.6877330000000001,2.231932,0.807118
63500.0,183.8000226,18.92,1.687678,2.232079,0.80704
63600.0,184.3552976,18.97,1.687897,2.232483,0.807012
63700.0,184.9253212,18.88,1.6882030000000001,2.233337,0.8068860000000001
63800.0,185.4793234,18.97,1.687931,2.232925,0.806972
63900.0,186.0353618,19.03,1.6878610000000003,2.232778,0.807067
64000.0,186.5932798,19.1,1.687512,2.232409,0.8072630000000001
64100.0,187.16632719999998,19.01,1.687217,2.231933,0.807336
64200.0,187.7607052,18.83,1.686832,2.231409,0.8074960000000001
64300.0,188.34046659999998,18.89,1.6867370000000002,2.231326,0.8075379999999999
64400.0,188.8960562,18.96,1.6866879999999997,2.231115,0.807629
64500.0,189.452214,19.04,1.686525,2.23094,0.8076679999999999
64600.0,190.0617052,18.69,1.686534,2.230884,0.807663
64700.0,190.6237352,18.66,1.686428,2.230648,0.8077120000000001
64800.0,191.171263,18.8,1.686222,2.230191,0.8078480000000001
64900.0,191.73592,18.74,1.6860779999999997,2.230127,0.807838
65000.0,192.31840459999998,18.61,1.6857739999999999,2.229985,0.807866
65100.0,192.8650644,18.7,1.6855809999999998,2.229946,0.807942
65200.0,193.41196159999998,18.78,1.686186,2.231275,0.80779
65300.0,193.9745212,18.73,1.686347,2.231884,0.807736
65400.0,194.5378824,18.72,1.686272,2.2322,0.807707
65500.0,195.085587,18.81,1.68627,2.232299,0.807707
65600.0,195.63722579999998,18.93,1.686131,2.23198,0.8077539999999999
65700.0,196.19182519999998,18.99,1.686319,2.232097,0.807732
65800.0,196.7466546,19.08,1.686054,2.231724,0.807796
65900.0,197.3039282,19.14,1.68565,2.231402,0.807868
66000.0,197.8646382,19.2,1.685558,2.231549,0.807846
66100.0,198.4564802,19.15,1.685633,2.232075,0.807779
66200.0,199.0307002,19.08,1.6859490000000001,2.23299,0.8076360000000001
66300.0,199.5887706,19.178,1.6857890000000002,2.232698,0.807666
66400.0,200.15008640000002,19.24,1.685667,2.232684,0.8077989999999999
66500.0,200.7117338,19.33,1.685496,2.232447,0.807841
66600.0,201.2769412,19.42,1.6852969999999998,2.232246,0.807902
66700.0,201.85737179999998,19.33,1.6855090000000001,2.232848,0.807887
66800.0,202.4239652,19.42,1.685489,2.233253,0.8078009999999999
66900.0,202.9929656,19.5,1.6853120000000001,2.233113,0.807828
67000.0,203.576725,19.41,1.6855249999999997,2.233792,0.807747
67100.0,204.145712,19.49,1.685579,2.233606,0.8077910000000001
67200.0,204.717244,19.56,1.6851949999999998,2.233238,0.807883
67300.0,205.3150924,19.5,1.6855059999999997,2.234514,0.8077159999999999
67400.0,205.9007106,19.42,1.685671,2.234628,0.8077349999999999
67500.0,206.48194400000003,19.37,1.685605,2.234836,0.8077590000000001
67600.0,207.0730732,19.3,1.6854480000000003,2.234609,0.807806
67700.0,207.63862840000002,19.39,1.6851750000000003,2.234265,0.8078730000000001
67800.0,208.2402306,19.23,1.684936,2.234251,0.807901
67900.0,208.8024952,19.36,1.68498,2.234205,0.80791
68000.0,209.3849102,19.48,1.6847819999999998,2.233821,0.8079730000000002
68100.0,209.9670166,19.42,1.6847939999999997,2.233726,0.807952
68200.0,210.5349564,19.52,1.684619,2.233498,0.8080399999999999
68300.0,211.14371839999998,19.32,1.6843879999999998,2.233175,0.8080490000000001
68400.0,211.72351899999998,19.29,1.684457,2.233754,0.808046
68500.0,212.30170560000002,19.24,1.6849560000000001,2.235158,0.807844
68600.0,212.87780899999998,19.19,1.685318,2.235504,0.807876
68700.0,213.46680379999998,18.99,1.6856370000000003,2.236275,0.8078
68800.0,214.036031,18.98,1.685444,2.236254,0.807834
68900.0,214.59065300000003,19.13,1.6856180000000003,2.236724,0.807807
69000.0,215.14916739999998,19.25,1.6854860000000003,2.236567,0.807774
69100.0,215.7122102,19.39,1.6855090000000001,2.236523,0.8077690000000001
69200.0,216.2996478,19.39,1.6853839999999998,2.236629,0.8077
69300.0,216.8655498,19.48,1.6849139999999998,2.236093,0.8078579999999999
69400.0,217.471787,19.33,1.6848129999999997,2.235832,0.807921
69500.0,218.03695040000002,19.44,1.6852050000000003,2.2365,0.807841
69600.0,218.6192384,19.4,1.6851109999999998,2.236289,0.8078619999999999
69700.0,219.1863934,19.51,1.684969,2.236252,0.807898
69800.0,219.75495919999997,19.62,1.684583,2.235827,0.808003
69900.0,220.32608599999998,19.74,1.684809,2.236388,0.8079240000000001
70000.0,220.9022192,19.84,1.684917,2.236747,0.8078350000000001
70100.0,221.4804458,19.92,1.6848610000000002,2.236554,0.807876
70200.0,222.0622454,20.02,1.684901,2.236636,0.8078710000000001
70300.0,222.64539340000002,20.15,1.684806,2.236571,0.8078959999999998
70400.0,223.2326294,20.23,1.684761,2.236466,0.807892
70500.0,223.8353798,20.18,1.68507,2.237012,0.807851
70600.0,224.4242854,20.28,1.684703,2.236641,0.8078860000000001
70700.0,225.0145426,20.36,1.6845460000000003,2.236495,0.807929
70800.0,225.6076544,20.44,1.6844449999999997,2.236237,0.8080070000000001
70900.0,226.2304646,20.24,1.6840499999999998,2.235693,0.808066
71000.0,226.82248220000002,20.35,1.684219,2.235877,0.8080130000000001
71100.0,227.43266039999997,20.29,1.6840800000000002,2.235602,0.808039
71200.0,228.0280098,20.37,1.6836030000000002,2.235231,0.808084
71300.0,228.6241326,20.45,1.683606,2.235077,0.808158
71400.0,229.22275340000002,20.54,1.6836750000000003,2.235526,0.808048
71500.0,229.8378554,20.48,1.6838900000000003,2.236147,0.807948
71600.0,230.45232860000002,20.4,1.683699,2.23576,0.8080450000000001
71700.0,231.04793180000001,20.48,1.6833379999999998,2.235299,0.808173
71800.0,231.6692666,20.46,1.6831679999999998,2.235191,0.808171
71900.0,232.264946,20.56,1.682973,2.234923,0.808244
72000.0,232.8650356,20.65,1.6828679999999998,2.234664,0.808277
72100.0,233.46676659999997,20.72,1.6827159999999999,2.234457,0.808365
72200.0,234.07172799999998,20.82,1.6824629999999998,2.234143,0.808431
72300.0,234.6788622,20.89,1.682873,2.234985,0.808255
72400.0,235.30645399999997,21.0,1.682722,2.234582,0.808324
72500.0,235.9415994,20.96,1.682889,2.234662,0.808365
72600.0,236.56683379999998,20.89,1.6829240000000003,2.235011,0.808304
72700.0,237.1754082,20.99,1.682534,2.234607,0.80844
72800.0,237.79967779999998,20.94,1.6820720000000002,2.233983,0.808525
72900.0,238.41066959999998,21.02,1.681634,2.233455,0.808596
73000.0,239.0243292,21.1,1.681683,2.233551,0.8086420000000001
73100.0,239.6618986,21.04,1.681532,2.233508,0.808677
73200.0,240.2773114,21.12,1.681373,2.233473,0.808679
73300.0,240.89209620000003,21.18,1.681403,2.23355,0.808709
73400.0,241.51047400000002,21.28,1.6814240000000003,2.233688,0.808628
73500.0,242.1339046,21.37,1.681429,2.233661,0.8085850000000001
73600.0,242.77162140000002,21.28,1.6815609999999999,2.233993,0.8085419999999999
73700.0,243.3949294,21.36,1.681456,2.233894,0.808567
73800.0,244.0187002,21.44,1.681384,2.233844,0.808588
73900.0,244.64488619999997,21.52,1.681053,2.2334,0.808622
74000.0,245.2981498,21.47,1.6811180000000001,2.233552,0.80855
74100.0,245.93903740000002,21.37,1.680934,2.233538,0.8085470000000001
74200.0,246.56490060000002,21.45,1.681112,2.233573,0.808573
74300.0,247.21025,21.54,1.681015,2.234469,0.808456
74400.0,247.8386164,21.6,1.681015,2.234414,0.808531
74500.0,248.46960439999998,21.7,1.681016,2.234238,0.808587
74600.0,249.10301879999997,21.78,1.680835,2.234072,0.808634
74700.0,249.7606834,21.74,1.680837,2.233903,0.808654
74800.0,250.3964232,21.83,1.680921,2.234073,0.808667
74900.0,251.08819359999998,21.79,1.6809819999999998,2.234347,0.808641
75000.0,251.74661559999998,21.75,1.680942,2.234333,0.80861
75100.0,252.4074994,21.71,1.681426,2.235519,0.80847
75200.0,253.0409778,21.81,1.681963,2.237507,0.808306
75300.0,253.70386040000002,21.61,1.6826560000000002,2.239441,0.808111
75400.0,254.3495248,21.54,1.683774,2.242494,0.807677
75500.0,254.9789712,21.65,1.683973,2.243689,0.807614
75600.0,255.6117604,21.76,1.68439,2.244773,0.8075300000000001
75700.0,256.246846,21.83,1.684655,2.245226,0.807533
75800.0,256.88307599999996,21.89,1.684976,2.246068,0.8074730000000001
75900.0,257.5563672,21.73,1.685806,2.247372,0.8074
76000.0,258.18994699999996,21.818,1.686435,2.248866,0.807249
76100.0,258.8389684,21.74,1.686887,2.250454,0.807076
76200.0,259.4743238,21.81,1.687776,2.252654,0.8067870000000001
76300.0,260.1263524,21.75,1.6880390000000003,2.253452,0.806794
76400.0,260.760671,21.85,1.688287,2.254147,0.806819
76500.0,261.3982228,21.95,1.688762,2.255039,0.8067949999999999
76600.0,262.0376752,22.03,1.6894560000000003,2.256464,0.806669
76700.0,262.699737,22.1,1.6901009999999999,2.258406,0.806523
76800.0,263.3637138,22.05,1.6903960000000002,2.258996,0.8065750000000002
76900.0,264.00782399999997,22.12,1.6915369999999998,2.261119,0.8064639999999998
77000.0,264.6787374,22.11,1.692073,2.26226,0.8063930000000001
77100.0,265.323945,22.19,1.692418,2.262851,0.806313
77200.0,265.9710156,22.28,1.692951,2.263859,0.80637
77300.0,266.6218324,22.38,1.693983,2.265439,0.806305
77400.0,267.2877274,22.31,1.693959,2.26573,0.8062950000000001
77500.0,267.956973,22.24,1.69437,2.266484,0.806345
77600.0,268.609668,22.32,1.694735,2.267056,0.8063369999999999
77700.0,269.27849299999997,22.25,1.694941,2.267752,0.806366
77800.0,269.9341918,22.33,1.695177,2.268099,0.806411
77900.0,270.60033400000003,22.44,1.695588,2.268602,0.806421
78000.0,271.3185578,22.14,1.695927,2.269187,0.806541
78100.0,271.9837344,22.12,1.6962990000000002,2.269653,0.806618
78200.0,272.6582224,22.12,1.696779,2.270272,0.8066890000000001
78300.0,273.3079992,22.21,1.697075,2.270874,0.806752
78400.0,273.95734219999997,22.29,1.6976860000000003,2.273089,0.806429
78500.0,274.6418294,22.23,1.6980429999999997,2.274105,0.8063740000000001
78600.0,275.3053604,22.19,1.6981600000000001,2.274324,0.8064859999999999
78700.0,275.953348,22.28,1.698718,2.275527,0.8064069999999999
78800.0,276.6059372,22.37,1.6991030000000003,2.276818,0.8063119999999999
78900.0,277.2611632,22.46,1.6996189999999998,2.278015,0.8062229999999999
79000.0,277.91960819999997,22.54,1.6999409999999997,2.278267,0.8063710000000001
79100.0,278.5927828,22.5,1.70076,2.279833,0.8062760000000001
79200.0,279.2533052,22.59,1.7008389999999998,2.279817,0.806328
79300.0,279.9148114,22.68,1.7014609999999997,2.281477,0.8062859999999998
79400.0,280.5931788,22.64,1.701688,2.281595,0.806362
79500.0,281.26929340000004,22.58,1.7019379999999997,2.281753,0.8063780000000002
79600.0,281.92968460000003,22.69,1.702336,2.282369,0.80641
79700.0,282.65591159999997,22.2,1.7023049999999997,2.282261,0.8065719999999998
79800.0,283.29970620000006,22.32,1.70283,2.283382,0.806429
79900.0,283.9901912,22.42,1.703182,2.284078,0.8064350000000001
80000.0,284.6662162,22.42,1.703941,2.285887,0.8063649999999999
80100.0,285.3211558,22.53,1.7040440000000001,2.286411,0.806424
80200.0,285.9786024,22.66,1.704065,2.286241,0.8065580000000001
80300.0,286.6393938,22.78,1.704215,2.286554,0.806645
80400.0,287.3023526,22.87,1.704113,2.286458,0.8067490000000002
80500.0,288.00461740000003,22.72,1.704494,2.286937,0.806775
80600.0,288.6782698,22.66,1.704762,2.287123,0.806874
80700.0,289.351113,22.63,1.7048209999999997,2.287207,0.80695
80800.0,290.01152940000003,22.76,1.705183,2.288006,0.8070299999999999
80900.0,290.6753508,22.84,1.7053819999999997,2.288089,0.807109
81000.0,291.3381292,22.92,1.705549,2.28828,0.807116
81100.0,292.00457500000005,23.04,1.7060409999999997,2.289095,0.8071439999999999
81200.0,292.6737182,23.13,1.7064410000000003,2.289992,0.807124
81300.0,293.345276,23.22,1.706589,2.290154,0.807199
81400.0,294.0457292,23.01,1.706717,2.290292,0.807266
81500.0,294.717076,23.11,1.7068439999999998,2.29048,0.8073729999999999
81600.0,295.3914894,23.21,1.707545,2.291637,0.8072329999999999
81700.0,296.09351660000004,23.18,1.7079309999999999,2.292255,0.807241
81800.0,296.7757528,23.28,1.708174,2.292557,0.807344
81900.0,297.47318640000003,23.23,1.7083590000000002,2.293032,0.8074200000000001
82000.0,298.1623892,23.32,1.7085440000000003,2.293441,0.807484
82100.0,298.86516199999994,23.27,1.708802,2.294052,0.807469
82200.0,299.5464488,23.38,1.708979,2.294308,0.807484
82300.0,300.2312338,23.47,1.709387,2.294705,0.8075189999999999
82400.0,300.91706899999997,23.55,1.7093409999999998,2.294716,0.8076589999999999
82500.0,301.60339680000004,23.63,1.7094770000000001,2.294929,0.807741
82600.0,302.2930472,23.7,1.709812,2.295223,0.8078559999999999
82700.0,302.9840968,23.79,1.7099160000000002,2.295507,0.807921
82800.0,303.6806758,23.87,1.709876,2.295364,0.808063
82900.0,304.39347860000004,23.8,1.709842,2.295294,0.808162
83000.0,305.09303719999997,23.87,1.709622,2.295137,0.808249
83100.0,305.8234058,23.65,1.7098210000000003,2.295334,0.808361
83200.0,306.5646692,23.45,1.710025,2.295727,0.808352
83300.0,307.2656594,23.39,1.710372,2.296272,0.808323
83400.0,307.992509,23.08,1.710267,2.296052,0.808352
83500.0,308.67016939999996,23.2,1.7103110000000001,2.295979,0.808454
83600.0,309.3748064,23.18,1.710464,2.296174,0.808484
83700.0,310.0681634,23.15,1.710474,2.296045,0.8085910000000001
83800.0,310.75000439999997,23.26,1.710681,2.296446,0.808641
83900.0,311.432143,23.4,1.711214,2.297836,0.8086439999999999
84000.0,312.1179338,23.51,1.711475,2.298239,0.8086059999999999
84100.0,312.8084678,23.61,1.711343,2.298125,0.808698
84200.0,313.5146002,23.54,1.711844,2.298924,0.808652
84300.0,314.22844,23.56,1.712086,2.299701,0.8085950000000001
84400.0,314.9338636,23.528,1.712465,2.300215,0.8086059999999999
84500.0,315.6383492,23.48,1.71281,2.30101,0.808531
84600.0,316.32931399999995,23.61,1.712782,2.301071,0.8086210000000001
84700.0,317.0528586,23.72,1.7130949999999998,2.301438,0.8086119999999999
84800.0,317.7466516,23.83,1.7130009999999998,2.30129,0.8087730000000001
84900.0,318.443124,23.94,1.713221,2.301669,0.808755
85000.0,319.141766,24.04,1.713707,2.302597,0.808705
85100.0,319.8661778,24.15,1.7139510000000002,2.303067,0.808689
85200.0,320.5727652,24.26,1.714006,2.303296,0.8087669999999999
85300.0,321.2937266,24.37,1.7139409999999997,2.303132,0.8088370000000001
85400.0,322.0186542,24.47,1.7140729999999997,2.303297,0.808963
85500.0,322.7477934,24.58,1.71446,2.303879,0.8089549999999999
85600.0,323.47936880000003,24.68,1.7149439999999998,2.304979,0.8088849999999999
85700.0,324.2134726,24.79,1.7145889999999997,2.304537,0.80901
85800.0,324.9536008,24.88,1.714829,2.304997,0.809115
85900.0,325.6937798,24.95,1.714837,2.305031,0.8092330000000001
86000.0,326.4378808,25.02,1.7152319999999999,2.30586,0.809168
86100.0,327.1833572,25.12,1.715404,2.306122,0.809164
86200.0,327.9304514,25.2,1.715491,2.306332,0.8092409999999999
86300.0,328.7089154,24.98,1.7158070000000003,2.306683,0.8093959999999999
86400.0,329.4527756,25.07,1.715817,2.306643,0.809427
86500.0,330.1983222,25.16,1.7158120000000001,2.306785,0.8095359999999999
86600.0,330.9685262,25.24,1.716159,2.307192,0.80953
86700.0,331.7443402,25.33,1.716523,2.307568,0.809607
86800.0,332.4984048,25.4,1.716526,2.30753,0.809749
86900.0,333.2537084,25.47,1.716723,2.30786,0.809788
87000.0,334.0359658,25.43,1.716834,2.308067,0.809848
87100.0,334.7945902,25.52,1.7167369999999997,2.308212,0.8099589999999999
87200.0,335.5552414,25.6,1.716968,2.308669,0.809937
87300.0,336.3186126,25.660000000000004,1.7171109999999998,2.308696,0.810022
87400.0,337.0838638,25.73,1.7173310000000002,2.309004,0.810088
87500.0,337.86657379999997,25.65,1.7171949999999998,2.308718,0.810162
87600.0,338.6327056,25.73,1.717185,2.3088,0.8103469999999999
87700.0,339.4262966,25.68,1.717253,2.308848,0.810374
87800.0,340.1939576,25.76,1.7171189999999998,2.308799,0.810439
87900.0,340.9629342,25.85,1.71691,2.308386,0.810543
88000.0,341.7480754,25.78,1.7170540000000003,2.30862,0.810619
88100.0,342.5415954,25.73,1.7173659999999997,2.309003,0.8106329999999999
88200.0,343.3087344,25.839999999999996,1.717322,2.308889,0.8106500000000001
88300.0,344.079743,25.920000000000005,1.717743,2.30967,0.8106159999999999
88400.0,344.8651124,25.860000000000003,1.718225,2.310364,0.81056
88500.0,345.6363898,25.95,1.718496,2.310727,0.8106
88600.0,346.43954299999996,26.03,1.7188200000000002,2.311254,0.8106709999999999
88700.0,347.21573939999996,26.119999999999997,1.718863,2.311406,0.810751
88800.0,348.0398026,25.99,1.718893,2.311672,0.810846
88900.0,348.8149936,26.130000000000003,1.7189830000000001,2.311729,0.8109719999999999
89000.0,349.63096720000004,25.96,1.7192029999999998,2.311772,0.810996
89100.0,350.4024014,26.05,1.719515,2.312157,0.811092
89200.0,351.1767358,26.160000000000004,1.719391,2.311966,0.81117
89300.0,351.9551216,26.26,1.719791,2.312563,0.8111270000000002
89400.0,352.7363746,26.339999999999996,1.7199180000000003,2.312839,0.8111689999999999
89500.0,353.520626,26.410000000000004,1.719933,2.312872,0.811308
89600.0,354.3066254,26.51,1.7201039999999999,2.313341,0.811304
89700.0,355.10936019999997,26.45,1.7202550000000003,2.313759,0.811299
89800.0,355.90025299999996,26.559999999999995,1.720456,2.313875,0.8114269999999999
89900.0,356.692506,26.639999999999997,1.720317,2.313742,0.8115500000000001
90000.0,357.4865528,26.73,1.720633,2.313984,0.811669
90100.0,358.29767460000005,26.7,1.7206310000000002,2.313818,0.8118230000000001
90200.0,359.0958582,26.78,1.7209040000000002,2.314689,0.8118230000000001
90300.0,359.8966714,26.839999999999996,1.72091,2.314788,0.811848
90400.0,360.6802392,26.93,1.7209229999999998,2.314726,0.8119460000000001
90500.0,361.4660294,27.0,1.720901,2.31452,0.8120650000000001
90600.0,362.2563452,27.07,1.7211399999999997,2.315038,0.8120239999999999
90700.0,363.0590166,27.01,1.7212339999999997,2.31523,0.812021
90800.0,363.846282,27.1,1.721345,2.315639,0.812
90900.0,364.6351858,27.18,1.7214300000000002,2.31563,0.81206
91000.0,365.44066699999996,27.110000000000003,1.721402,2.315689,0.812097
91100.0,366.231782,27.2,1.721227,2.31539,0.81221
91200.0,367.0258286,27.25,1.721323,2.315401,0.812214
91300.0,367.8639478,27.119999999999997,1.7214800000000001,2.315511,0.8123380000000001
91400.0,368.6549246,27.190000000000005,1.721577,2.31552,0.812447
91500.0,369.4487722,27.25,1.721746,2.315785,0.8125409999999998
91600.0,370.2437634,27.3,1.722222,2.316493,0.81247
91700.0,371.0427652,27.4,1.722107,2.316278,0.812603
91800.0,371.84190939999996,27.46,1.722411,2.316549,0.8126809999999999
91900.0,372.642986,27.55,1.722589,2.31696,0.812622
92000.0,373.4473832,27.630000000000003,1.722439,2.31693,0.812663
92100.0,374.26726360000004,27.54,1.7226659999999998,2.317275,0.8126659999999999
92200.0,375.0704964,27.619999999999997,1.7231479999999997,2.318447,0.812612
92300.0,375.8763834,27.68,1.723361,2.318694,0.812594
92400.0,376.6831024,27.73,1.723649,2.319033,0.812623
92500.0,377.494601,27.8,1.723759,2.319249,0.812664
92600.0,378.3417584,27.75,1.7237119999999997,2.319009,0.812815
92700.0,379.1523756,27.8,1.723721,2.319185,0.812932
92800.0,379.96846700000003,27.860000000000003,1.723743,2.319018,0.813029
92900.0,380.7950816,27.78,1.723849,2.319076,0.81319
93000.0,381.6216712,27.71,1.723584,2.318743,0.8133289999999999
93100.0,382.42970720000005,27.77,1.723895,2.319345,0.813409
93200.0,383.24052659999995,27.809999999999995,1.72383,2.319172,0.813523
93300.0,384.0523526,27.869999999999997,1.723907,2.31922,0.8135920000000001
93400.0,384.869872,27.93,1.7238970000000002,2.319338,0.813661
93500.0,385.7552784,27.869999999999997,1.7240180000000003,2.319543,0.8137019999999999
93600.0,386.5943038,27.79,1.72396,2.319528,0.813779
93700.0,387.4194926,27.72,1.7240490000000002,2.319787,0.813842
93800.0,388.2301298,27.82,1.724116,2.319728,0.813928
93900.0,389.0563078,27.72,1.723874,2.319563,0.814048
94000.0,389.8814056,27.660000000000004,1.7240790000000001,2.319706,0.8140750000000001
94100.0,390.68886860000003,27.75,1.724411,2.320242,0.814084
94200.0,391.52547599999997,27.74,1.7242269999999997,2.319835,0.8141960000000001
94300.0,392.3352202,27.8,1.7246020000000002,2.320379,0.814246
94400.0,393.170485,27.898000000000003,1.72477,2.321219,0.8141999999999999
94500.0,393.9849182,27.96,1.724967,2.321831,0.8141999999999999
94600.0,394.8254686,27.910000000000004,1.724987,2.322512,0.8141680000000001
94700.0,395.65386900000004,27.829999999999995,1.7250219999999998,2.322398,0.8142400000000001
94800.0,396.478217,27.920000000000005,1.725431,2.322966,0.814241
94900.0,397.3035004,28.0,1.7253639999999997,2.322748,0.8143329999999999
95000.0,398.13193620000004,28.110000000000003,1.725544,2.322988,0.8143990000000001
95100.0,398.96192,28.190000000000005,1.725683,2.323215,0.8144500000000001
95200.0,399.80164219999995,28.26,1.725472,2.322934,0.814516
95300.0,400.6706232,28.329999999999995,1.725755,2.323195,0.8146099999999998
95400.0,401.53046320000004,28.309999999999995,1.725623,2.322962,0.8147870000000002
95500.0,402.3881982,28.25,1.725664,2.322922,0.8148899999999999
95600.0,403.2334584,28.160000000000004,1.72565,2.322859,0.81494
95700.0,404.07403899999997,28.130000000000003,1.7256709999999997,2.323234,0.814997
95800.0,404.9149094,28.059999999999995,1.725609,2.323044,0.815094
95900.0,405.7378816,28.15,1.726116,2.323805,0.815129
96000.0,406.5623528,28.24,1.726221,2.32398,0.8151300000000001
96100.0,407.389392,28.32,1.726206,2.32375,0.815173
96200.0,408.29269600000003,28.15,1.7263179999999998,2.323723,0.8153270000000001
96300.0,409.1138312,28.26,1.726316,2.323573,0.815406
96400.0,409.93666279999997,28.35,1.7264120000000003,2.323625,0.815555
96500.0,410.7620116,28.440000000000005,1.726312,2.323352,0.8156649999999999
96600.0,411.613702,28.25,1.7263480000000002,2.323324,0.815728
96700.0,412.4595502,28.369999999999997,1.7263930000000003,2.323375,0.8158100000000001
96800.0,413.3001002,28.339999999999996,1.726436,2.323686,0.815793
96900.0,414.1288748,28.46,1.7264209999999998,2.323539,0.8158899999999999
97000.0,414.95863280000003,28.55,1.7263259999999998,2.323354,0.8160550000000001
97100.0,415.81471899999997,28.51,1.726313,2.323246,0.8160700000000001
97200.0,416.644322,28.610000000000003,1.7265599999999999,2.323502,0.816114
97300.0,417.490466,28.57,1.7263100000000002,2.323094,0.8161910000000001
97400.0,418.32120539999994,28.690000000000005,1.726306,2.32296,0.816254
97500.0,419.1675086,28.639999999999997,1.726464,2.322984,0.8163639999999999
97600.0,419.9971678,28.74,1.726495,2.323061,0.816408
97700.0,420.83075900000006,28.860000000000003,1.726595,2.32359,0.816432
97800.0,421.6693824,28.96,1.7267569999999999,2.32385,0.816404
97900.0,422.5091136,29.059999999999995,1.7269390000000002,2.324185,0.8164260000000001
98000.0,423.35314339999996,29.139999999999997,1.727236,2.324757,0.816467
98100.0,424.2247672,29.24,1.7272380000000003,2.324907,0.816423
98200.0,425.0736608,29.32,1.7272460000000003,2.324812,0.816489
98300.0,425.9246816,29.389999999999997,1.7270879999999997,2.324547,0.816573
98400.0,426.7898416,29.32,1.7272349999999999,2.324681,0.816556
98500.0,427.64003599999995,29.410000000000004,1.7275269999999998,2.325057,0.81654
98600.0,428.49352319999997,29.5,1.7276599999999998,2.325036,0.816613
98700.0,429.3498954,29.579999999999995,1.7276780000000003,2.324882,0.816724
98800.0,430.23641580000003,29.660000000000004,1.727637,2.324886,0.8168070000000001
98900.0,431.1108628,29.589999999999996,1.727653,2.324908,0.8168900000000001
99000.0,431.98929019999997,29.57,1.7277169999999997,2.324994,0.817043
99100.0,432.8674656,29.5,1.727787,2.325145,0.817056
99200.0,433.73851080000003,29.440000000000005,1.728077,2.325641,0.817085
99300.0,434.59516700000006,29.52,1.728063,2.325517,0.817173
99400.0,435.49884959999997,29.389999999999997,1.728127,2.326223,0.817174
99500.0,436.35166819999995,29.46,1.728157,2.326157,0.817261
99600.0,437.2091496,29.57,1.727994,2.325838,0.8173410000000001
99700.0,438.0691772,29.630000000000003,1.7277920000000002,2.325705,0.8174910000000001
99800.0,438.9345774,29.73,1.7278119999999997,2.326014,0.8174720000000001
99900.0,439.79856920000003,29.809999999999995,1.7279709999999997,2.326618,0.8174249999999998
100000.0,440.66445139999996,29.910000000000004,1.728134,2.327105,0.817352
